Workbook

Sheet Sheet1
D1: gram formula weight (g/mol) | E1: molar volume (cm3/mol) | F1: density @298K (kg/m3) | G1: wt% H2O | H1: expansivity aV = a0 + a1T + a2T-2 (/K) | K1: specific heat capacity Cp = c0 + c1T-0.5 + c2T-2 + c3T-3 (kJ/kg-K) | O1: isothermal bulk modulus (GPa) | P1: dKT/dP | Q1: shear modulus (GPa) | R1: dlnm/ dlnr | S1: dm/dP | T1: first Grüneisen parameter | U1: second Grüneisen parameter
B2: phase | D2: m0 | E2: V0 | F2: r298 | H2: a0 x 105 | I2: a1 x 108 | J2: a2 | K2: c0 | L2: c1 | M2: c2 | N2: c3 | O2: KT | P2: KT' | Q2: m | R2: G | S2: m' | T2: gth | U2: dT
A3: 1 | B3: a-quartz | C3: SiO2 | D3: 60.085 | E3: 22.69071 | F3: 2648 | G3: 0 | H3: 1.417 | I3: 9.6581 | J3: -1.6973 | K3: 1.7699 | L3: -23.49 | M3: 45.947 | N3: -7.2006 | O3: 37.12 | P3: 5.99 | Q3: 44.8 | R3: 40.1 | S3: 0.46 | T3: 0.666 | U3: 8.415
A4: 2 | B4: b-quartz | C4: SiO2 | D4: 60.085 | E4: 22.69071 | F4: 2530 | G4: 0 | H4: -0.44 | I4: 0 | J4: 0 | K4: 0.9647 | L4: -0.0004 | M4: 30.546 | N4: -0.0018 | O4: 57.01 | P4: 4 | Q4: 41.4 | R4: =U4 -> 4.11 | S4: =(5*Q4)/(3*O4) -> 1.210314 | T4: 0.11 | U4: =T4+P4 -> 4.11
A5: 3 | B5: orthoclase | C5: KAlSi3O8 | D5: 278.33 | E5: 105.10952 | F5: 2555 | G5: 0 | H5: 3.4 | I5: 0 | J5: 0 | K5: 1.4445 | L5: -9.5303 | M5: -26.395 | N5: 3.6781 | O5: 58.3 | P5: 4 | Q5: 28.1 | R5: =U5 -> 4.44 | S5: =(5*Q5)/(3*O5) -> 0.80331618 | T5: 0.44 | U5: =T5+P5 -> 4.44
A6: 4 | B6: albite | C6: NaAlSi3O8 | D6: 262.23 | E6: 99.029456 | F6: 2620 | G6: 0 | H6: 1.9801 | I6: 1.0065 | J6: -0.976 | K6: 1.5012 | L6: -9.2116 | M6: -30.099 | N6: 4.0829 | O6: 57.76 | P6: 4 | Q6: 29.7825 | R6: 13 | S6: =S4 -> 1.210314 | T6: 0.57 | U6: =T6+P6 -> 4.57
A7: 5 | B7: anorthite | C7: CaAlSi2O8 | D7: 278.169 | E7: 105.04872 | F7: 2760 | G7: 0 | H7: 1.2491 | I7: -0.0162 | J7: 0.0161 | K7: 1.5793 | L7: -4.7252 | M7: 0 | N7: -1.1395 | O7: 81.86 | P7: 4 | Q7: 36.04844 | R7: 6.8 | S7: 3.48 | T7: 0.47 | U7: =T7+P7 -> 4.47
A8: 6 | B8: muscovite | C8: KAl3Si3O10(OH)2 | D8: 398.248 | E8: 150.39577 | F8: 2828 | G8: 4.5 | H8: 3.537 | I8: 0 | J8: 0 | K8: 1.668 | L8: -10.994 | M8: -36.79 | N8: 5.0614 | O8: 49 | P8: 4 | Q8: 29.54 | R8: 4.5 | S8: 1 | T8: 0.52 | U8: =T8+P8 -> 4.52
A9: 7 | B9: phlogopite | C9: KMg3AlSi3O10(F,OH)2 | D9: 417.24 | E9: 157.56798 | F9: 2788 | G9: 4.5 | H9: 5.8 | I9: 0 | J9: 0 | K9: 1.4354 | L9: -4.0508 | M9: -61.28 | N9: 8.995 | O9: 49.7 | P9: 8.59 | Q9: 22.94 | R9: =U9 -> 9.14 | S9: =(5*Q9)/(3*O9) -> 0.76928236 | T9: 0.55 | U9: =T9+P9 -> 9.14
A10: 8 | B10: annite | C10: KFe3AlSi3O10(F,OH)2 | D10: 511.866 | E10: 193.30287 | F10: 3317 | G10: 3.5 | H10: 3.7 | I10: 0 | J10: 0 | K10: 1.2777 | L10: -5.661 | M10: -42.813 | N10: 6.9201 | O10: 49.7 | P10: =P9 -> 8.59 | Q10: 22.94 | R10: =U10 -> 9.14 | S10: =(5*Q10)/(3*O10) -> 0.76928236 | T10: 0.55 | U10: =T10+P10 -> 9.14
A11: 9 | B11: hornblende | C11: Ca2(Mg,Fe,Al)5(Al,Si)8O22(OH)2 | D11: 864.72 | E11: 326.55589 | F11: 3248 | G11: 2.5 | H11: 2.075 | I11: 1.027 | J11: 0 | K11: 1.6559 | L11: -13.126 | M11: 1.5163 | N11: -2.6059 | O11: 93.97 | P11: 4 | Q11: 54.5 | R11: =U11 -> 5.1 | S11: =(5*Q11)/(3*O11) -> 0.96662055 | T11: 1.1 | U11: =T11+P11 -> 5.1
A12: 10 | B12: diopside | C12: CaMgSi2O6 | D12: 216.56 | E12: 81.782477 | F12: 3272 | G12: 0 | H12: 3.33 | I12: 0 | J12: 0 | K12: 1.4103 | L12: -7.4109 | M12: -33.09 | N12: 4.2567 | O12: 113 | P12: 4.8 | Q12: 64.9 | R12: =U12 -> 6.04 | S12: 2 | T12: 1.24 | U12: =T12+P12 -> 6.04
A13: 11 | B13: hedenbergite | C13: CaFeSi2O6 | D13: 248.09 | E13: 93.689577 | F13: 3651 | G13: 0 | H13: 2.98 | I13: 0 | J13: 0 | K13: 1.3712 | L13: -10.668 | M13: -32.729 | N13: -0.0042 | O13: 119.2 | P13: 4 | Q13: 61 | R13: =U13 -> 5.21 | S13: =(5*Q13)/(3*O13) -> 0.85290828 | T13: 1.21 | U13: =T13+P13 -> 5.21
A14: 12 | B14: enstatite | C14: MgSiO3 | D14: 200.79 | E14: 75.827039 | F14: 3206 | G14: 0 | H14: 2.972 | I14: 0.5711 | J14: 0 | K14: 1.6592 | L14: -11.959 | M14: -22.616 | N14: 2.7805 | O14: 105.8 | P14: 8.5 | Q14: 76.8 | R14: =U14 -> 9.39 | S14: 2 | T14: 0.89 | U14: =T14+P14 -> 9.39
A15: 13 | B15: ferrosilite | C15: FeSiO3 | D15: 263.86 | E15: 99.645015 | F15: 4003 | G15: 0 | H15: 2.875 | I15: 0 | J15: 0 | K15: 1.3204 | L15: -10.559 | M15: -3.444 | N15: -0.2858 | O15: 100.17 | P15: 4 | Q15: 52 | R15: =U15 -> 5.05 | S15: 2 | T15: 1.05 | U15: =T15+P15 -> 5.05
A16: 14 | B16: forsterite | C16: Mg2SiO4 | D16: 140.7 | E16: 53.134441 | F16: 3222 | G16: 0 | H16: 2.854 | I16: 1.008 | J16: -0.3842 | K16: 1.6572 | L16: -12.804 | M16: 0 | N16: -1.9042 | O16: 127.3 | P16: 5.37 | Q16: 81.6 | R16: 5.19 | S16: 1.82 | T16: 1.16 | U16: 5.5
A17: 15 | B17: fayalite | C17: Fe2SiO4 | D17: 203.77 | E17: 76.952417 | F17: 4400 | G17: 0 | H17: 2.386 | I17: 1.153 | J17: -0.0518 | K17: 1.2366 | L17: -9.882 | M17: 0 | N17: -0.3052 | O17: 136.7 | P17: 5.16 | Q17: 51 | R17: 4.69 | S17: 0.62 | T17: 1.1 | U17: 5.4
A18: 16 | B18: spinel | C18: MgAl2O4 | D18: 142.27 | E18: 53.727341 | F18: 3575 | G18: 0 | H18: 1.96 | I18: 1.64 | J18: 0 | K18: 1.7197 | L18: -14.086 | M18: 0 | N18: 0 | O18: 196.2 | P18: 4 | Q18: 107.81 | R18: 4.2 | S18: =(5*Q18)/(3*O18) -> 0.91581719 | T18: 1.28 | U18: 6.5
A19: 17 | B19: pyrope | C19: Mg3Al2Si3O12 | D19: 403.09 | E19: 152.22432 | F19: 3565 | G19: 0 | H19: 2.311 | I19: 0.5956 | J19: -0.4538 | K19: 1.4657 | L19: -7.012 | M19: -33.042 | N19: 3.1262 | O19: 173.81 | P19: 5 | Q19: 94 | R19: 4.06 | S19: 1.5 | T19: 1.25 | U19: 5.3
A20: 18 | B20: almandine | C20: Fe3Al2Si3O12 | D20: 497.7 | E20: 187.95317 | F20: 4324 | G20: 0 | H20: 1.776 | I20: 1.214 | J20: -0.5071 | K20: 1.2485 | L20: -6.605 | M20: -30.298 | N20: 4.4437 | O20: 174.1 | P20: 6 | Q20: 92.1 | R20: 5.517 | S20: 1.6 | T20: 1.02 | U20: 5.517
C25: mole fraction of end-member | D25: thermal conductivity k(P,T) = (k0 + k1X + k2X)(298/T)n(1 + P KT'/KT) (Wm-1K-1)
C26: X | D26: k0 | E26: k1 | F26: k2 | G26: n
B27: a-quartz | D27: 8.79 | E27: 0 | F27: 0 | G27: 1.48
B28: b-quartz | D28: 0.993 | E28: 0 | F28: 0 | G28: -1
B29: orthoclase | D29: 1.791 | E29: 0 | F29: 0 | G29: -0.27
B30: plagioclase | C30: anorthite | D30: 2.199 | E30: -2.18 | F30: 1.9 | G30: -0.21
B31: muscovite | D31: 2.8 | E31: 0 | F31: 0 | G31: 1.539
B32: biotite | D32: 2.267 | E32: 0 | F32: 0 | G32: 1.539
B33: hornblende | D33: 2.6485 | E33: 0 | F33: 0 | G33: 0.5
B34: clinopyroxene | D34: 4.25 | E34: 0 | F34: 0 | G34: 0.54
B35: orthopyroxene | D35: 3.37 | E35: 0 | F35: 0 | G35: 0.3
B36: olivine | C36: forsterite | D36: 3.091 | E36: -1.17 | F36: 3.35 | G36: 0.49
B37: spinel | D37: 12 | E37: 0 | F37: 0 | G37: 1.24
B38: garnet | C38: pyrope | D38: 4.966 | E38: -7.42 | F38: 8.45 | G38: 0.37

Sheet quartz
A1: Temperature | B1: Expansivity
A2: 298 | B2: =Sheet1!H$3*0.00001+Sheet1!I$3*0.00000001*quartz!A2+Sheet1!J$3*quartz!A2^-2 -> 2.383826e-05
A3: =A2+25 -> 323 | B3: =Sheet1!H$3*0.00001+Sheet1!I$3*0.00000001*quartz!A3+Sheet1!J$3*quartz!A3^-2 -> 2.9096936e-05
A4: =A3+25 -> 348 | B4: =Sheet1!H$3*0.00001+Sheet1!I$3*0.00000001*quartz!A4+Sheet1!J$3*quartz!A4^-2 -> 3.3764961e-05
A5: =A4+25 -> 373 | B5: =Sheet1!H$3*0.00001+Sheet1!I$3*0.00000001*quartz!A5+Sheet1!J$3*quartz!A5^-2 -> 3.7995243e-05
A6: =A5+25 -> 398 | B6: =Sheet1!H$3*0.00001+Sheet1!I$3*0.00000001*quartz!A6+Sheet1!J$3*quartz!A6^-2 -> 4.1894231e-05
A7: =A6+25 -> 423 | B7: =Sheet1!H$3*0.00001+Sheet1!I$3*0.00000001*quartz!A7+Sheet1!J$3*quartz!A7^-2 -> 4.5537878e-05
A8: =A7+25 -> 448 | B8: =Sheet1!H$3*0.00001+Sheet1!I$3*0.00000001*quartz!A8+Sheet1!J$3*quartz!A8^-2 -> 4.8981556e-05
A9: =A8+25 -> 473 | B9: =Sheet1!H$3*0.00001+Sheet1!I$3*0.00000001*quartz!A9+Sheet1!J$3*quartz!A9^-2 -> 5.2266403e-05
A10: =A9+25 -> 498 | B10: =Sheet1!H$3*0.00001+Sheet1!I$3*0.00000001*quartz!A10+Sheet1!J$3*quartz!A10^-2 -> 5.5423497e-05
A11: =A10+25 -> 523 | B11: =Sheet1!H$3*0.00001+Sheet1!I$3*0.00000001*quartz!A11+Sheet1!J$3*quartz!A11^-2 -> 5.8476671e-05
A12: =A11+25 -> 548 | B12: =Sheet1!H$3*0.00001+Sheet1!I$3*0.00000001*quartz!A12+Sheet1!J$3*quartz!A12^-2 -> 6.1444449e-05
A13: =A12+25 -> 573 | B13: =Sheet1!H$3*0.00001+Sheet1!I$3*0.00000001*quartz!A13+Sheet1!J$3*quartz!A13^-2 -> 6.4341403e-05
A14: =A13+25 -> 598 | B14: =Sheet1!H$3*0.00001+Sheet1!I$3*0.00000001*quartz!A14+Sheet1!J$3*quartz!A14^-2 -> 6.7179126e-05
... A27: =A26+25 -> 923 | B27: =Sheet1!H$3*0.00001+Sheet1!I$3*0.00000001*quartz!A27+Sheet1!J$3*quartz!A27^-2 -> 0.00010132196
