Workbook

Sheet Computations
A1: Coefficients for physical constants (at STP)
B2: Phase: | C2: a-quartz | D2: b-quartz | E2: orthoclase | F2: albite | G2: anorthite | H2: muscovite | I2: phlogopite | J2: annite | K2: hornblende | L2: diopside | M2: hedenbergite | N2: enstatite | O2: ferrosilite | P2: forsterite | Q2: fayalite | R2: spinel | S2: pyrope | T2: almandine
A3: molecular unit | C3: SiO2 | D3: SiO2 | E3: KAlSi3O8 | F3: NaAlSi3O8 | G3: CaAlSi2O8 | H3: KAl3Si3O10(OH)2 | I3: KMg3AlSi3O10(F,OH)2 | J3: KFe3AlSi3O10(F,OH)2 | K3: Ca2(Mg,Fe,Al)5(Al,Si)8O22(OH)2 | L3: CaMgSi2O6 | M3: CaFeSi2O6 | N3: MgSiO3 | O3: FeSiO3 | P3: Mg2SiO4 | Q3: Fe2SiO4 | R3: MgAl2O4 | S3: Mg3Al2Si3O12 | T3: Fe3Al2Si3O12
A4: gram formula weight (g/mol) | B4: m0 | C4: 60.085 | D4: 60.085 | E4: 278.33 | F4: 262.23 | G4: 278.169 | H4: 398.248 | I4: 417.24 | J4: 511.866 | K4: 864.72 | L4: 216.56 | M4: 248.09 | N4: 200.79 | O4: 263.86 | P4: 140.7 | Q4: 203.77 | R4: 142.27 | S4: 403.09 | T4: 497.7
A5: molar volume (cm3/mol) | B5: V0 | C5: 22.7 | D5: 23.7 | E5: 108.9 | F5: 100.1 | G5: 100.8 | H5: 140.8 | I5: 149.7 | J5: 154.3 | K5: 266.2 | L5: 66.2 | M5: 68 | N5: 62.6 | O5: 65.9 | P5: 43.7 | Q5: 46.3 | R5: 39.8 | S5: 113.1 | T5: 115.1
A6: density @298K (kg/m3) | B6: r298 | C6: 2648 | D6: 2530 | E6: 2555 | F6: 2620 | G6: 2760 | H6: 2828 | I6: 2788 | J6: 3317 | K6: 3248 | L6: 3272 | M6: 3651 | N6: 3206 | O6: 4003 | P6: 3222 | Q6: 4400 | R6: 3575 | S6: 3565 | T6: 4324
A7: wt% H2O | C7: 0 | D7: 0 | E7: 0 | F7: 0 | G7: 0 | H7: 4.5 | I7: 4.5 | J7: 3.5 | K7: 2.5 | L7: 0 | M7: 0 | N7: 0 | O7: 0 | P7: 0 | Q7: 0 | R7: 0 | S7: 0 | T7: 0
A8: expansivity aV = a0 + a1T + a2T-2 (/K) | B8: a0 x 105 | C8: 1.417 | D8: -0.44 | E8: 3.4 | F8: 1.9801 | G8: 1.2491 | H8: 3.537 | I8: 5.8 | J8: 3.7 | K8: 2.075 | L8: 3.33 | M8: 2.98 | N8: 2.972 | O8: 2.875 | P8: 2.854 | Q8: 2.386 | R8: 1.96 | S8: 2.311 | T8: 1.776
B9: a1 x 108 | C9: 9.6581 | D9: 0 | E9: 0 | F9: 1.0065 | G9: -0.0162 | H9: 0 | I9: 0 | J9: 0 | K9: 1.027 | L9: 0 | M9: 0 | N9: 0.5711 | O9: 0 | P9: 1.008 | Q9: 1.153 | R9: 1.64 | S9: 0.5956 | T9: 1.214
B10: a2 | C10: -1.6973 | D10: 0 | E10: 0 | F10: -0.976 | G10: 0.0161 | H10: 0 | I10: 0 | J10: 0 | K10: 0 | L10: 0 | M10: 0 | N10: 0 | O10: 0 | P10: -0.3842 | Q10: -0.0518 | R10: 0 | S10: -0.4538 | T10: -0.5071
A11: specific heat capacity Cp = c0 + c1T-0.5 + c2T-2 + c3T-3 (kJ/kg-K) | B11: c0 | C11: 1.7699 | D11: 0.9647 | E11: 1.4445 | F11: 1.5012 | G11: 1.5793 | H11: 1.668 | I11: 1.4354 | J11: 1.2777 | K11: 1.6559 | L11: 1.4103 | M11: 1.3712 | N11: 1.6592 | O11: 1.3204 | P11: 1.6572 | Q11: 1.2366 | R11: 1.7197 | S11: 1.4657 | T11: 1.2485
B12: c1 | C12: -23.49 | D12: -0.0004 | E12: -9.5303 | F12: -9.2116 | G12: -4.7252 | H12: -10.994 | I12: -4.0508 | J12: -5.661 | K12: -13.126 | L12: -7.4109 | M12: -10.668 | N12: -11.959 | O12: -10.559 | P12: -12.804 | Q12: -9.882 | R12: -14.086 | S12: -7.012 | T12: -6.605
B13: c2 | C13: 45.947 | D13: 30.546 | E13: -26.395 | F13: -30.099 | G13: 0 | H13: -36.79 | I13: -61.28 | J13: -42.813 | K13: 1.5163 | L13: -33.09 | M13: -32.729 | N13: -22.616 | O13: -3.444 | P13: 0 | Q13: 0 | R13: 0 | S13: -33.042 | T13: -30.298
B14: c3 | C14: -7.2006 | D14: -0.0018 | E14: 3.6781 | F14: 4.0829 | G14: -1.1395 | H14: 5.0614 | I14: 8.995 | J14: 6.9201 | K14: -2.6059 | L14: 4.2567 | M14: -0.0042 | N14: 2.7805 | O14: -0.2858 | P14: -1.9042 | Q14: -0.3052 | R14: 0 | S14: 3.1262 | T14: 4.4437
A15: isothermal bulk modulus (GPa) | B15: KT | C15: 37.12 | D15: 57.01 | E15: 58.3 | F15: 57.76 | G15: 81.86 | H15: 49 | I15: 49.7 | J15: 49.7 | K15: 93.97 | L15: 113 | M15: 119.2 | N15: 105.8 | O15: 100.17 | P15: 127.3 | Q15: 136.7 | R15: 196.2 | S15: 173.81 | T15: 174.1
A16: dKT/dP | B16: KT' | C16: 5.99 | D16: 4 | E16: 4 | F16: 4 | G16: 4 | H16: 4 | I16: 8.59 | J16: =I16 -> 8.59 | K16: 4 | L16: 4.8 | M16: 4 | N16: 8.5 | O16: 4 | P16: 5.37 | Q16: 5.16 | R16: 4 | S16: 5 | T16: 6
A17: shear modulus (GPa) | B17: m | C17: 44.8 | D17: 41.4 | E17: 28.1 | F17: 29.7825 | G17: 36.04844 | H17: 29.54 | I17: 22.94 | J17: 22.94 | K17: 54.5 | L17: 64.9 | M17: 61 | N17: 76.8 | O17: 52 | P17: 81.6 | Q17: 51 | R17: 107.81 | S17: 94 | T17: 92.1
A18: dlnm/ dlnr | B18: G | C18: 40.1 | D18: =D21 -> 4.11 | E18: =E21 -> 4.44 | F18: 13 | G18: 6.8 | H18: 4.5 | I18: =I21 -> 9.14 | J18: =J21 -> 9.14 | K18: =K21 -> 5.1 | L18: =L21 -> 6.04 | M18: =M21 -> 5.21 | N18: =N21 -> 9.39 | O18: =O21 -> 5.05 | P18: 5.19 | Q18: 4.69 | R18: 4.2 | S18: 4.06 | T18: 5.517
A19: dm/dP | B19: m' | C19: 0.46 | D19: =(5*D17)/(3*D15) -> 1.210314 | E19: =(5*E17)/(3*E15) -> 0.80331618 | F19: =D19 -> 1.210314 | G19: 3.48 | H19: 1 | I19: =(5*I17)/(3*I15) -> 0.76928236 | J19: =(5*J17)/(3*J15) -> 0.76928236 | K19: =(5*K17)/(3*K15) -> 0.96662055 | L19: 2 | M19: =(5*M17)/(3*M15) -> 0.85290828 | N19: 2 | O19: 2 | P19: 1.82 | Q19: 0.62 | R19: =(5*R17)/(3*R15) -> 0.91581719 | S19: 1.5 | T19: 1.6
A20: first Grüneisen parameter | B20: gth | C20: 0.666 | D20: 0.11 | E20: 0.44 | F20: 0.57 | G20: 0.47 | H20: 0.52 | I20: 0.55 | J20: 0.55 | K20: 1.1 | L20: 1.24 | M20: 1.21 | N20: 0.89 | O20: 1.05 | P20: 1.16 | Q20: 1.1 | R20: 1.28 | S20: 1.25 | T20: 1.02
A21: second Grüneisen parameter | B21: dT | C21: 8.415 | D21: =D20+D16 -> 4.11 | E21: =E20+E16 -> 4.44 | F21: =F20+F16 -> 4.57 | G21: =G20+G16 -> 4.47 | H21: =H20+H16 -> 4.52 | I21: =I20+I16 -> 9.14 | J21: =J20+J16 -> 9.14 | K21: =K20+K16 -> 5.1 | ... O21: =O20+O16 -> 5.05 | P21: 5.5 | Q21: 5.4 | R21: 6.5 | S21: 5.3 | T21: 5.517 | X21: modal mineral proportions for common rock types
U22: Total | X22: a-quartz | Y22: b-quartz | Z22: orthoclase | AA22: albite | AB22: anorthite | AC22: muscovite | AD22: phlogopite | AE22: annite | AF22: hornblende | AG22: diopside | AH22: hedenbergite | AI22: enstatite | AJ22: ferrosilite | AK22: forsterite | AL22: fayalite | AM22: spinel | AN22: pyrope | AO22: almandine | AP22: total
B23: Modal Volume | C23: 27 | E23: 15 | F23: 32 | G23: 8 | I23: 5 | K23: 13 | U23: =SUM(C23:T23) -> 100 | W23: granite | X23: 27 | Z23: 15 | AA23: 32 | AB23: 8 | AD23: 5 | AF23: 13 | AP23: =SUM(X23:AO23) -> 100
W24: mafic granulite | X24: 2 | Z24: 10 | AA24: 10 | AB24: 18 | AF24: 47 | AG24: 1 | AH24: 1 | AI24: 1 | AJ24: 1 | AO24: 9 | AP24: =SUM(X24:AO24) -> 100
A25: V(P,T) | B25: Volume Fraction (pressure and temperature-dependence | W25: lherzolite | AG25: 5.47 | AH25: 0.53 | AI25: 15.47 | AJ25: 1.53 | AK25: 63.65 | AL25: 3.35 | AN25: 5.58 | AO25: 1.42 | AP25: =SUM(X25:AO25) -> 97
A26: Pressure (MPa) | B26: Temperature (K) | C26: a-quartz | D26: b-quartz | E26: orthoclase | F26: albite | G26: anorthite | H26: muscovite | I26: phlogopite | J26: annite | K26: hornblende | L26: diopside | M26: hedenbergite | N26: enstatite | O26: ferrosilite | P26: forsterite | Q26: fayalite | R26: spinel | S26: pyrope | T26: almandine | U26: Total
A27: 0.1 | B27: 298 | C27: =IF(C$23=0,0,C$23*C$6/C441) -> #DIV/0! | D27: =IF(D$23=0,0,D$23*D$6/D441) -> 0 | E27: =IF(E$23=0,0,E$23*E$6/E441) -> #DIV/0! | F27: =IF(F$23=0,0,F$23*F$6/F441) -> #DIV/0! | G27: =IF(G$23=0,0,G$23*G$6/G441) -> #DIV/0! | H27: =IF(H$23=0,0,H$23*H$6/H441) -> 0 | I27: =IF(I$23=0,0,I$23*I$6/I441) -> #DIV/0! | J27: =IF(J$23=0,0,J$23*J$6/J441) -> 0 | ... T27: =IF(T$23=0,0,T$23*T$6/T441) -> 0 | U27: =SUM(C27:T27) -> #DIV/0!
A28: 0.1 | B28: =B27+50 -> 348 | C28: =IF(C$23=0,0,C$23*C$6/C442) -> #DIV/0! | D28: =IF(D$23=0,0,D$23*D$6/D442) -> 0 | E28: =IF(E$23=0,0,E$23*E$6/E442) -> #DIV/0! | F28: =IF(F$23=0,0,F$23*F$6/F442) -> #DIV/0! | G28: =IF(G$23=0,0,G$23*G$6/G442) -> #DIV/0! | H28: =IF(H$23=0,0,H$23*H$6/H442) -> 0 | I28: =IF(I$23=0,0,I$23*I$6/I442) -> #DIV/0! | J28: =IF(J$23=0,0,J$23*J$6/J442) -> 0 | ... T28: =IF(T$23=0,0,T$23*T$6/T442) -> 0 | U28: =SUM(C28:T28) -> #DIV/0!
A29: 0.1 | B29: =B28+50 -> 398 | C29: =IF(C$23=0,0,C$23*C$6/C443) -> #DIV/0! | D29: =IF(D$23=0,0,D$23*D$6/D443) -> 0 | E29: =IF(E$23=0,0,E$23*E$6/E443) -> #DIV/0! | F29: =IF(F$23=0,0,F$23*F$6/F443) -> #DIV/0! | G29: =IF(G$23=0,0,G$23*G$6/G443) -> #DIV/0! | H29: =IF(H$23=0,0,H$23*H$6/H443) -> 0 | I29: =IF(I$23=0,0,I$23*I$6/I443) -> #DIV/0! | J29: =IF(J$23=0,0,J$23*J$6/J443) -> 0 | ... T29: =IF(T$23=0,0,T$23*T$6/T443) -> 0 | U29: =SUM(C29:T29) -> #DIV/0!
A30: 0.1 | B30: =B29+50 -> 448 | C30: =IF(C$23=0,0,C$23*C$6/C444) -> #DIV/0! | D30: =IF(D$23=0,0,D$23*D$6/D444) -> 0 | E30: =IF(E$23=0,0,E$23*E$6/E444) -> #DIV/0! | F30: =IF(F$23=0,0,F$23*F$6/F444) -> #DIV/0! | G30: =IF(G$23=0,0,G$23*G$6/G444) -> #DIV/0! | H30: =IF(H$23=0,0,H$23*H$6/H444) -> 0 | I30: =IF(I$23=0,0,I$23*I$6/I444) -> #DIV/0! | J30: =IF(J$23=0,0,J$23*J$6/J444) -> 0 | ... T30: =IF(T$23=0,0,T$23*T$6/T444) -> 0 | U30: =SUM(C30:T30) -> #DIV/0!
A31: 0.1 | B31: =B30+50 -> 498 | C31: =IF(C$23=0,0,C$23*C$6/C445) -> #DIV/0! | D31: =IF(D$23=0,0,D$23*D$6/D445) -> 0 | E31: =IF(E$23=0,0,E$23*E$6/E445) -> #DIV/0! | F31: =IF(F$23=0,0,F$23*F$6/F445) -> #DIV/0! | G31: =IF(G$23=0,0,G$23*G$6/G445) -> #DIV/0! | H31: =IF(H$23=0,0,H$23*H$6/H445) -> 0 | I31: =IF(I$23=0,0,I$23*I$6/I445) -> #DIV/0! | J31: =IF(J$23=0,0,J$23*J$6/J445) -> 0 | ... T31: =IF(T$23=0,0,T$23*T$6/T445) -> 0 | U31: =SUM(C31:T31) -> #DIV/0!
A32: 0.1 | B32: =B31+50 -> 548 | C32: =IF(C$23=0,0,C$23*C$6/C446) -> #DIV/0! | D32: =IF(D$23=0,0,D$23*D$6/D446) -> 0 | E32: =IF(E$23=0,0,E$23*E$6/E446) -> #DIV/0! | F32: =IF(F$23=0,0,F$23*F$6/F446) -> #DIV/0! | G32: =IF(G$23=0,0,G$23*G$6/G446) -> #DIV/0! | H32: =IF(H$23=0,0,H$23*H$6/H446) -> 0 | I32: =IF(I$23=0,0,I$23*I$6/I446) -> #DIV/0! | J32: =IF(J$23=0,0,J$23*J$6/J446) -> 0 | ... T32: =IF(T$23=0,0,T$23*T$6/T446) -> 0 | U32: =SUM(C32:T32) -> #DIV/0!
A33: 0.1 | B33: =B32+50 -> 598 | C33: =IF(C$23=0,0,C$23*C$6/C447) -> #DIV/0! | D33: =IF(D$23=0,0,D$23*D$6/D447) -> 0 | E33: =IF(E$23=0,0,E$23*E$6/E447) -> #DIV/0! | F33: =IF(F$23=0,0,F$23*F$6/F447) -> #DIV/0! | G33: =IF(G$23=0,0,G$23*G$6/G447) -> #DIV/0! | H33: =IF(H$23=0,0,H$23*H$6/H447) -> 0 | I33: =IF(I$23=0,0,I$23*I$6/I447) -> #DIV/0! | J33: =IF(J$23=0,0,J$23*J$6/J447) -> 0 | ... T33: =IF(T$23=0,0,T$23*T$6/T447) -> 0 | U33: =SUM(C33:T33) -> #DIV/0!
A34: 0.1 | B34: =B33+50 -> 648 | C34: =IF(C$23=0,0,C$23*C$6/C448) -> #DIV/0! | D34: =IF(D$23=0,0,D$23*D$6/D448) -> 0 | E34: =IF(E$23=0,0,E$23*E$6/E448) -> #DIV/0! | F34: =IF(F$23=0,0,F$23*F$6/F448) -> #DIV/0! | G34: =IF(G$23=0,0,G$23*G$6/G448) -> #DIV/0! | H34: =IF(H$23=0,0,H$23*H$6/H448) -> 0 | I34: =IF(I$23=0,0,I$23*I$6/I448) -> #DIV/0! | J34: =IF(J$23=0,0,J$23*J$6/J448) -> 0 | ... T34: =IF(T$23=0,0,T$23*T$6/T448) -> 0 | U34: =SUM(C34:T34) -> #DIV/0!
A35: 0.1 | B35: =B34+50 -> 698 | C35: =IF(C$23=0,0,C$23*C$6/C449) -> #DIV/0! | D35: =IF(D$23=0,0,D$23*D$6/D449) -> 0 | E35: =IF(E$23=0,0,E$23*E$6/E449) -> #DIV/0! | F35: =IF(F$23=0,0,F$23*F$6/F449) -> #DIV/0! | G35: =IF(G$23=0,0,G$23*G$6/G449) -> #DIV/0! | H35: =IF(H$23=0,0,H$23*H$6/H449) -> 0 | I35: =IF(I$23=0,0,I$23*I$6/I449) -> #DIV/0! | J35: =IF(J$23=0,0,J$23*J$6/J449) -> 0 | ... T35: =IF(T$23=0,0,T$23*T$6/T449) -> 0 | U35: =SUM(C35:T35) -> #DIV/0!
A36: 0.1 | B36: =B35+50 -> 748 | C36: =IF(C$23=0,0,C$23*C$6/C450) -> #DIV/0! | D36: =IF(D$23=0,0,D$23*D$6/D450) -> 0 | E36: =IF(E$23=0,0,E$23*E$6/E450) -> #DIV/0! | F36: =IF(F$23=0,0,F$23*F$6/F450) -> #DIV/0! | G36: =IF(G$23=0,0,G$23*G$6/G450) -> #DIV/0! | H36: =IF(H$23=0,0,H$23*H$6/H450) -> 0 | I36: =IF(I$23=0,0,I$23*I$6/I450) -> #DIV/0! | J36: =IF(J$23=0,0,J$23*J$6/J450) -> 0 | ... T36: =IF(T$23=0,0,T$23*T$6/T450) -> 0 | U36: =SUM(C36:T36) -> #DIV/0!
A37: 0.1 | B37: =B36+50 -> 798 | C37: =IF(C$23=0,0,C$23*C$6/C451) -> #DIV/0! | D37: =IF(D$23=0,0,D$23*D$6/D451) -> 0 | E37: =IF(E$23=0,0,E$23*E$6/E451) -> #DIV/0! | F37: =IF(F$23=0,0,F$23*F$6/F451) -> #DIV/0! | G37: =IF(G$23=0,0,G$23*G$6/G451) -> #DIV/0! | H37: =IF(H$23=0,0,H$23*H$6/H451) -> 0 | I37: =IF(I$23=0,0,I$23*I$6/I451) -> #DIV/0! | J37: =IF(J$23=0,0,J$23*J$6/J451) -> 0 | ... T37: =IF(T$23=0,0,T$23*T$6/T451) -> 0 | U37: =SUM(C37:T37) -> #DIV/0!
A38: 0.1 | B38: =B37+50 -> 848 | C38: =IF(C$23=0,0,C$23*C$6/C452) -> #DIV/0! | D38: =IF(D$23=0,0,D$23*D$6/D452) -> 0 | E38: =IF(E$23=0,0,E$23*E$6/E452) -> #DIV/0! | F38: =IF(F$23=0,0,F$23*F$6/F452) -> #DIV/0! | G38: =IF(G$23=0,0,G$23*G$6/G452) -> #DIV/0! | H38: =IF(H$23=0,0,H$23*H$6/H452) -> 0 | I38: =IF(I$23=0,0,I$23*I$6/I452) -> #DIV/0! | J38: =IF(J$23=0,0,J$23*J$6/J452) -> 0 | ... T38: =IF(T$23=0,0,T$23*T$6/T452) -> 0 | U38: =SUM(C38:T38) -> #DIV/0!
A39: 0.1 | B39: =B38+50 -> 898 | C39: =IF(C$23=0,0,C$23*C$6/C453) -> #DIV/0! | D39: =IF(D$23=0,0,D$23*D$6/D453) -> 0 | E39: =IF(E$23=0,0,E$23*E$6/E453) -> #DIV/0! | F39: =IF(F$23=0,0,F$23*F$6/F453) -> #DIV/0! | G39: =IF(G$23=0,0,G$23*G$6/G453) -> #DIV/0! | H39: =IF(H$23=0,0,H$23*H$6/H453) -> 0 | I39: =IF(I$23=0,0,I$23*I$6/I453) -> #DIV/0! | J39: =IF(J$23=0,0,J$23*J$6/J453) -> 0 | ... T39: =IF(T$23=0,0,T$23*T$6/T453) -> 0 | U39: =SUM(C39:T39) -> #DIV/0!
A40: 0.1 | B40: =B39+50 -> 948 | C40: =IF(C$23=0,0,C$23*C$6/C454) -> #DIV/0! | D40: =IF(D$23=0,0,D$23*D$6/D454) -> 0 | E40: =IF(E$23=0,0,E$23*E$6/E454) -> #DIV/0! | F40: =IF(F$23=0,0,F$23*F$6/F454) -> #DIV/0! | G40: =IF(G$23=0,0,G$23*G$6/G454) -> #DIV/0! | H40: =IF(H$23=0,0,H$23*H$6/H454) -> 0 | I40: =IF(I$23=0,0,I$23*I$6/I454) -> #DIV/0! | J40: =IF(J$23=0,0,J$23*J$6/J454) -> 0 | ... T40: =IF(T$23=0,0,T$23*T$6/T454) -> 0 | U40: =SUM(C40:T40) -> #DIV/0!
A41: 570.1 | B41: 298 | C41: =IF(C$23=0,0,C$23*C$6/C455) -> #DIV/0! | D41: =IF(D$23=0,0,D$23*D$6/D455) -> 0 | E41: =IF(E$23=0,0,E$23*E$6/E455) -> #DIV/0! | F41: =IF(F$23=0,0,F$23*F$6/F455) -> #DIV/0! | G41: =IF(G$23=0,0,G$23*G$6/G455) -> #DIV/0! | H41: =IF(H$23=0,0,H$23*H$6/H455) -> 0 | I41: =IF(I$23=0,0,I$23*I$6/I455) -> #DIV/0! | J41: =IF(J$23=0,0,J$23*J$6/J455) -> 0 | ... T41: =IF(T$23=0,0,T$23*T$6/T455) -> 0 | U41: =SUM(C41:T41) -> #DIV/0!
A42: 570.1 | B42: =B41+50 -> 348 | C42: =IF(C$23=0,0,C$23*C$6/C456) -> #DIV/0! | D42: =IF(D$23=0,0,D$23*D$6/D456) -> 0 | E42: =IF(E$23=0,0,E$23*E$6/E456) -> #DIV/0! | F42: =IF(F$23=0,0,F$23*F$6/F456) -> #DIV/0! | G42: =IF(G$23=0,0,G$23*G$6/G456) -> #DIV/0! | H42: =IF(H$23=0,0,H$23*H$6/H456) -> 0 | I42: =IF(I$23=0,0,I$23*I$6/I456) -> #DIV/0! | J42: =IF(J$23=0,0,J$23*J$6/J456) -> 0 | ... T42: =IF(T$23=0,0,T$23*T$6/T456) -> 0 | U42: =SUM(C42:T42) -> #DIV/0!
A43: 570.1 | B43: =B42+50 -> 398 | C43: =IF(C$23=0,0,C$23*C$6/C457) -> #DIV/0! | D43: =IF(D$23=0,0,D$23*D$6/D457) -> 0 | E43: =IF(E$23=0,0,E$23*E$6/E457) -> #DIV/0! | F43: =IF(F$23=0,0,F$23*F$6/F457) -> #DIV/0! | G43: =IF(G$23=0,0,G$23*G$6/G457) -> #DIV/0! | H43: =IF(H$23=0,0,H$23*H$6/H457) -> 0 | I43: =IF(I$23=0,0,I$23*I$6/I457) -> #DIV/0! | J43: =IF(J$23=0,0,J$23*J$6/J457) -> 0 | ... T43: =IF(T$23=0,0,T$23*T$6/T457) -> 0 | U43: =SUM(C43:T43) -> #DIV/0!
A44: 570.1 | B44: =B43+50 -> 448 | C44: =IF(C$23=0,0,C$23*C$6/C458) -> #DIV/0! | D44: =IF(D$23=0,0,D$23*D$6/D458) -> 0 | E44: =IF(E$23=0,0,E$23*E$6/E458) -> #DIV/0! | F44: =IF(F$23=0,0,F$23*F$6/F458) -> #DIV/0! | G44: =IF(G$23=0,0,G$23*G$6/G458) -> #DIV/0! | H44: =IF(H$23=0,0,H$23*H$6/H458) -> 0 | I44: =IF(I$23=0,0,I$23*I$6/I458) -> #DIV/0! | J44: =IF(J$23=0,0,J$23*J$6/J458) -> 0 | ... T44: =IF(T$23=0,0,T$23*T$6/T458) -> 0 | U44: =SUM(C44:T44) -> #DIV/0!
A45: 570.1 | B45: =B44+50 -> 498 | C45: =IF(C$23=0,0,C$23*C$6/C459) -> #DIV/0! | D45: =IF(D$23=0,0,D$23*D$6/D459) -> 0 | E45: =IF(E$23=0,0,E$23*E$6/E459) -> #DIV/0! | F45: =IF(F$23=0,0,F$23*F$6/F459) -> #DIV/0! | G45: =IF(G$23=0,0,G$23*G$6/G459) -> #DIV/0! | H45: =IF(H$23=0,0,H$23*H$6/H459) -> 0 | I45: =IF(I$23=0,0,I$23*I$6/I459) -> #DIV/0! | J45: =IF(J$23=0,0,J$23*J$6/J459) -> 0 | ... T45: =IF(T$23=0,0,T$23*T$6/T459) -> 0 | U45: =SUM(C45:T45) -> #DIV/0!
A46: 570.1 | B46: =B45+50 -> 548 | C46: =IF(C$23=0,0,C$23*C$6/C460) -> #DIV/0! | D46: =IF(D$23=0,0,D$23*D$6/D460) -> 0 | E46: =IF(E$23=0,0,E$23*E$6/E460) -> #DIV/0! | F46: =IF(F$23=0,0,F$23*F$6/F460) -> #DIV/0! | G46: =IF(G$23=0,0,G$23*G$6/G460) -> #DIV/0! | H46: =IF(H$23=0,0,H$23*H$6/H460) -> 0 | I46: =IF(I$23=0,0,I$23*I$6/I460) -> #DIV/0! | J46: =IF(J$23=0,0,J$23*J$6/J460) -> 0 | ... T46: =IF(T$23=0,0,T$23*T$6/T460) -> 0 | U46: =SUM(C46:T46) -> #DIV/0!
A47: 570.1 | B47: =B46+50 -> 598 | C47: =IF(C$23=0,0,C$23*C$6/C461) -> #DIV/0! | D47: =IF(D$23=0,0,D$23*D$6/D461) -> 0 | E47: =IF(E$23=0,0,E$23*E$6/E461) -> #DIV/0! | F47: =IF(F$23=0,0,F$23*F$6/F461) -> #DIV/0! | G47: =IF(G$23=0,0,G$23*G$6/G461) -> #DIV/0! | H47: =IF(H$23=0,0,H$23*H$6/H461) -> 0 | I47: =IF(I$23=0,0,I$23*I$6/I461) -> #DIV/0! | J47: =IF(J$23=0,0,J$23*J$6/J461) -> 0 | ... T47: =IF(T$23=0,0,T$23*T$6/T461) -> 0 | U47: =SUM(C47:T47) -> #DIV/0!
A48: 570.1 | B48: =B47+50 -> 648 | C48: =IF(C$23=0,0,C$23*C$6/C462) -> #DIV/0! | D48: =IF(D$23=0,0,D$23*D$6/D462) -> 0 | E48: =IF(E$23=0,0,E$23*E$6/E462) -> #DIV/0! | F48: =IF(F$23=0,0,F$23*F$6/F462) -> #DIV/0! | G48: =IF(G$23=0,0,G$23*G$6/G462) -> #DIV/0! | H48: =IF(H$23=0,0,H$23*H$6/H462) -> 0 | I48: =IF(I$23=0,0,I$23*I$6/I462) -> #DIV/0! | J48: =IF(J$23=0,0,J$23*J$6/J462) -> 0 | ... T48: =IF(T$23=0,0,T$23*T$6/T462) -> 0 | U48: =SUM(C48:T48) -> #DIV/0!
A49: 570.1 | B49: =B48+50 -> 698 | C49: =IF(C$23=0,0,C$23*C$6/C463) -> #DIV/0! | D49: =IF(D$23=0,0,D$23*D$6/D463) -> 0 | E49: =IF(E$23=0,0,E$23*E$6/E463) -> #DIV/0! | F49: =IF(F$23=0,0,F$23*F$6/F463) -> #DIV/0! | G49: =IF(G$23=0,0,G$23*G$6/G463) -> #DIV/0! | H49: =IF(H$23=0,0,H$23*H$6/H463) -> 0 | I49: =IF(I$23=0,0,I$23*I$6/I463) -> #DIV/0! | J49: =IF(J$23=0,0,J$23*J$6/J463) -> 0 | ... T49: =IF(T$23=0,0,T$23*T$6/T463) -> 0 | U49: =SUM(C49:T49) -> #DIV/0!
A50: 570.1 | B50: =B49+50 -> 748 | C50: =IF(C$23=0,0,C$23*C$6/C464) -> #DIV/0! | D50: =IF(D$23=0,0,D$23*D$6/D464) -> 0 | E50: =IF(E$23=0,0,E$23*E$6/E464) -> #DIV/0! | F50: =IF(F$23=0,0,F$23*F$6/F464) -> #DIV/0! | G50: =IF(G$23=0,0,G$23*G$6/G464) -> #DIV/0! | H50: =IF(H$23=0,0,H$23*H$6/H464) -> 0 | I50: =IF(I$23=0,0,I$23*I$6/I464) -> #DIV/0! | J50: =IF(J$23=0,0,J$23*J$6/J464) -> 0 | ... T50: =IF(T$23=0,0,T$23*T$6/T464) -> 0 | U50: =SUM(C50:T50) -> #DIV/0!
A51: 570.1 | B51: =B50+50 -> 798 | C51: =IF(C$23=0,0,C$23*C$6/C465) -> #DIV/0! | D51: =IF(D$23=0,0,D$23*D$6/D465) -> 0 | E51: =IF(E$23=0,0,E$23*E$6/E465) -> #DIV/0! | F51: =IF(F$23=0,0,F$23*F$6/F465) -> #DIV/0! | G51: =IF(G$23=0,0,G$23*G$6/G465) -> #DIV/0! | H51: =IF(H$23=0,0,H$23*H$6/H465) -> 0 | I51: =IF(I$23=0,0,I$23*I$6/I465) -> #DIV/0! | J51: =IF(J$23=0,0,J$23*J$6/J465) -> 0 | ... T51: =IF(T$23=0,0,T$23*T$6/T465) -> 0 | U51: =SUM(C51:T51) -> #DIV/0!
A52: 570.1 | B52: =B51+50 -> 848 | C52: =IF(C$23=0,0,C$23*C$6/C466) -> #DIV/0! | D52: =IF(D$23=0,0,D$23*D$6/D466) -> 0 | E52: =IF(E$23=0,0,E$23*E$6/E466) -> #DIV/0! | F52: =IF(F$23=0,0,F$23*F$6/F466) -> #DIV/0! | G52: =IF(G$23=0,0,G$23*G$6/G466) -> #DIV/0! | H52: =IF(H$23=0,0,H$23*H$6/H466) -> 0 | I52: =IF(I$23=0,0,I$23*I$6/I466) -> #DIV/0! | J52: =IF(J$23=0,0,J$23*J$6/J466) -> 0 | ... T52: =IF(T$23=0,0,T$23*T$6/T466) -> 0 | U52: =SUM(C52:T52) -> #DIV/0!
A53: 570.1 | B53: =B52+50 -> 898 | C53: =IF(C$23=0,0,C$23*C$6/C467) -> #DIV/0! | D53: =IF(D$23=0,0,D$23*D$6/D467) -> 0 | E53: =IF(E$23=0,0,E$23*E$6/E467) -> #DIV/0! | F53: =IF(F$23=0,0,F$23*F$6/F467) -> #DIV/0! | G53: =IF(G$23=0,0,G$23*G$6/G467) -> #DIV/0! | H53: =IF(H$23=0,0,H$23*H$6/H467) -> 0 | I53: =IF(I$23=0,0,I$23*I$6/I467) -> #DIV/0! | J53: =IF(J$23=0,0,J$23*J$6/J467) -> 0 | ... T53: =IF(T$23=0,0,T$23*T$6/T467) -> 0 | U53: =SUM(C53:T53) -> #DIV/0!
A54: 570.1 | B54: =B53+50 -> 948 | C54: =IF(C$23=0,0,C$23*C$6/C468) -> #DIV/0! | D54: =IF(D$23=0,0,D$23*D$6/D468) -> 0 | E54: =IF(E$23=0,0,E$23*E$6/E468) -> #DIV/0! | F54: =IF(F$23=0,0,F$23*F$6/F468) -> #DIV/0! | G54: =IF(G$23=0,0,G$23*G$6/G468) -> #DIV/0! | H54: =IF(H$23=0,0,H$23*H$6/H468) -> 0 | I54: =IF(I$23=0,0,I$23*I$6/I468) -> #DIV/0! | J54: =IF(J$23=0,0,J$23*J$6/J468) -> 0 | ... T54: =IF(T$23=0,0,T$23*T$6/T468) -> 0 | U54: =SUM(C54:T54) -> #DIV/0!
A55: 1140.1 | B55: 298 | C55: =IF(C$23=0,0,C$23*C$6/C469) -> #DIV/0! | D55: =IF(D$23=0,0,D$23*D$6/D469) -> 0 | E55: =IF(E$23=0,0,E$23*E$6/E469) -> #DIV/0! | F55: =IF(F$23=0,0,F$23*F$6/F469) -> #DIV/0! | G55: =IF(G$23=0,0,G$23*G$6/G469) -> #DIV/0! | H55: =IF(H$23=0,0,H$23*H$6/H469) -> 0 | I55: =IF(I$23=0,0,I$23*I$6/I469) -> #DIV/0! | J55: =IF(J$23=0,0,J$23*J$6/J469) -> 0 | ... T55: =IF(T$23=0,0,T$23*T$6/T469) -> 0 | U55: =SUM(C55:T55) -> #DIV/0!
A56: 1140.1 | B56: =B55+50 -> 348 | C56: =IF(C$23=0,0,C$23*C$6/C470) -> #DIV/0! | D56: =IF(D$23=0,0,D$23*D$6/D470) -> 0 | E56: =IF(E$23=0,0,E$23*E$6/E470) -> #DIV/0! | F56: =IF(F$23=0,0,F$23*F$6/F470) -> #DIV/0! | G56: =IF(G$23=0,0,G$23*G$6/G470) -> #DIV/0! | H56: =IF(H$23=0,0,H$23*H$6/H470) -> 0 | I56: =IF(I$23=0,0,I$23*I$6/I470) -> #DIV/0! | J56: =IF(J$23=0,0,J$23*J$6/J470) -> 0 | ... T56: =IF(T$23=0,0,T$23*T$6/T470) -> 0 | U56: =SUM(C56:T56) -> #DIV/0!
A57: 1140.1 | B57: =B56+50 -> 398 | C57: =IF(C$23=0,0,C$23*C$6/C471) -> #DIV/0! | D57: =IF(D$23=0,0,D$23*D$6/D471) -> 0 | E57: =IF(E$23=0,0,E$23*E$6/E471) -> #DIV/0! | F57: =IF(F$23=0,0,F$23*F$6/F471) -> #DIV/0! | G57: =IF(G$23=0,0,G$23*G$6/G471) -> #DIV/0! | H57: =IF(H$23=0,0,H$23*H$6/H471) -> 0 | I57: =IF(I$23=0,0,I$23*I$6/I471) -> #DIV/0! | J57: =IF(J$23=0,0,J$23*J$6/J471) -> 0 | ... T57: =IF(T$23=0,0,T$23*T$6/T471) -> 0 | U57: =SUM(C57:T57) -> #DIV/0!
A58: 1140.1 | B58: =B57+50 -> 448 | C58: =IF(C$23=0,0,C$23*C$6/C472) -> #DIV/0! | D58: =IF(D$23=0,0,D$23*D$6/D472) -> 0 | E58: =IF(E$23=0,0,E$23*E$6/E472) -> #DIV/0! | F58: =IF(F$23=0,0,F$23*F$6/F472) -> #DIV/0! | G58: =IF(G$23=0,0,G$23*G$6/G472) -> #DIV/0! | H58: =IF(H$23=0,0,H$23*H$6/H472) -> 0 | I58: =IF(I$23=0,0,I$23*I$6/I472) -> #DIV/0! | J58: =IF(J$23=0,0,J$23*J$6/J472) -> 0 | ... T58: =IF(T$23=0,0,T$23*T$6/T472) -> 0 | U58: =SUM(C58:T58) -> #DIV/0!
A59: 1140.1 | B59: =B58+50 -> 498 | C59: =IF(C$23=0,0,C$23*C$6/C473) -> #DIV/0! | D59: =IF(D$23=0,0,D$23*D$6/D473) -> 0 | E59: =IF(E$23=0,0,E$23*E$6/E473) -> #DIV/0! | F59: =IF(F$23=0,0,F$23*F$6/F473) -> #DIV/0! | G59: =IF(G$23=0,0,G$23*G$6/G473) -> #DIV/0! | H59: =IF(H$23=0,0,H$23*H$6/H473) -> 0 | I59: =IF(I$23=0,0,I$23*I$6/I473) -> #DIV/0! | J59: =IF(J$23=0,0,J$23*J$6/J473) -> 0 | ... T59: =IF(T$23=0,0,T$23*T$6/T473) -> 0 | U59: =SUM(C59:T59) -> #DIV/0!
A60: 1140.1 | B60: =B59+50 -> 548 | C60: =IF(C$23=0,0,C$23*C$6/C474) -> #DIV/0! | D60: =IF(D$23=0,0,D$23*D$6/D474) -> 0 | E60: =IF(E$23=0,0,E$23*E$6/E474) -> #DIV/0! | F60: =IF(F$23=0,0,F$23*F$6/F474) -> #DIV/0! | G60: =IF(G$23=0,0,G$23*G$6/G474) -> #DIV/0! | H60: =IF(H$23=0,0,H$23*H$6/H474) -> 0 | I60: =IF(I$23=0,0,I$23*I$6/I474) -> #DIV/0! | J60: =IF(J$23=0,0,J$23*J$6/J474) -> 0 | ... T60: =IF(T$23=0,0,T$23*T$6/T474) -> 0 | U60: =SUM(C60:T60) -> #DIV/0!
A61: 1140.1 | B61: =B60+50 -> 598 | C61: =IF(C$23=0,0,C$23*C$6/C475) -> #DIV/0! | D61: =IF(D$23=0,0,D$23*D$6/D475) -> 0 | E61: =IF(E$23=0,0,E$23*E$6/E475) -> #DIV/0! | F61: =IF(F$23=0,0,F$23*F$6/F475) -> #DIV/0! | G61: =IF(G$23=0,0,G$23*G$6/G475) -> #DIV/0! | H61: =IF(H$23=0,0,H$23*H$6/H475) -> 0 | I61: =IF(I$23=0,0,I$23*I$6/I475) -> #DIV/0! | J61: =IF(J$23=0,0,J$23*J$6/J475) -> 0 | ... T61: =IF(T$23=0,0,T$23*T$6/T475) -> 0 | U61: =SUM(C61:T61) -> #DIV/0!
A62: 1140.1 | B62: =B61+50 -> 648 | C62: =IF(C$23=0,0,C$23*C$6/C476) -> #DIV/0! | D62: =IF(D$23=0,0,D$23*D$6/D476) -> 0 | E62: =IF(E$23=0,0,E$23*E$6/E476) -> #DIV/0! | F62: =IF(F$23=0,0,F$23*F$6/F476) -> #DIV/0! | G62: =IF(G$23=0,0,G$23*G$6/G476) -> #DIV/0! | H62: =IF(H$23=0,0,H$23*H$6/H476) -> 0 | I62: =IF(I$23=0,0,I$23*I$6/I476) -> #DIV/0! | J62: =IF(J$23=0,0,J$23*J$6/J476) -> 0 | ... T62: =IF(T$23=0,0,T$23*T$6/T476) -> 0 | U62: =SUM(C62:T62) -> #DIV/0!
A63: 1140.1 | B63: =B62+50 -> 698 | C63: =IF(C$23=0,0,C$23*C$6/C477) -> #DIV/0! | D63: =IF(D$23=0,0,D$23*D$6/D477) -> 0 | E63: =IF(E$23=0,0,E$23*E$6/E477) -> #DIV/0! | F63: =IF(F$23=0,0,F$23*F$6/F477) -> #DIV/0! | G63: =IF(G$23=0,0,G$23*G$6/G477) -> #DIV/0! | H63: =IF(H$23=0,0,H$23*H$6/H477) -> 0 | I63: =IF(I$23=0,0,I$23*I$6/I477) -> #DIV/0! | J63: =IF(J$23=0,0,J$23*J$6/J477) -> 0 | ... T63: =IF(T$23=0,0,T$23*T$6/T477) -> 0 | U63: =SUM(C63:T63) -> #DIV/0!
A64: 1140.1 | B64: =B63+50 -> 748 | C64: =IF(C$23=0,0,C$23*C$6/C478) -> #DIV/0! | D64: =IF(D$23=0,0,D$23*D$6/D478) -> 0 | E64: =IF(E$23=0,0,E$23*E$6/E478) -> #DIV/0! | F64: =IF(F$23=0,0,F$23*F$6/F478) -> #DIV/0! | G64: =IF(G$23=0,0,G$23*G$6/G478) -> #DIV/0! | H64: =IF(H$23=0,0,H$23*H$6/H478) -> 0 | I64: =IF(I$23=0,0,I$23*I$6/I478) -> #DIV/0! | J64: =IF(J$23=0,0,J$23*J$6/J478) -> 0 | ... T64: =IF(T$23=0,0,T$23*T$6/T478) -> 0 | U64: =SUM(C64:T64) -> #DIV/0!
A65: 1140.1 | B65: =B64+50 -> 798 | C65: =IF(C$23=0,0,C$23*C$6/C479) -> #DIV/0! | D65: =IF(D$23=0,0,D$23*D$6/D479) -> 0 | E65: =IF(E$23=0,0,E$23*E$6/E479) -> #DIV/0! | F65: =IF(F$23=0,0,F$23*F$6/F479) -> #DIV/0! | G65: =IF(G$23=0,0,G$23*G$6/G479) -> #DIV/0! | H65: =IF(H$23=0,0,H$23*H$6/H479) -> 0 | I65: =IF(I$23=0,0,I$23*I$6/I479) -> #DIV/0! | J65: =IF(J$23=0,0,J$23*J$6/J479) -> 0 | ... T65: =IF(T$23=0,0,T$23*T$6/T479) -> 0 | U65: =SUM(C65:T65) -> #DIV/0!
A66: 1140.1 | B66: =B65+50 -> 848 | C66: =IF(C$23=0,0,C$23*C$6/C480) -> #DIV/0! | D66: =IF(D$23=0,0,D$23*D$6/D480) -> 0 | E66: =IF(E$23=0,0,E$23*E$6/E480) -> #DIV/0! | F66: =IF(F$23=0,0,F$23*F$6/F480) -> #DIV/0! | G66: =IF(G$23=0,0,G$23*G$6/G480) -> #DIV/0! | H66: =IF(H$23=0,0,H$23*H$6/H480) -> 0 | I66: =IF(I$23=0,0,I$23*I$6/I480) -> #DIV/0! | J66: =IF(J$23=0,0,J$23*J$6/J480) -> 0 | ... T66: =IF(T$23=0,0,T$23*T$6/T480) -> 0 | U66: =SUM(C66:T66) -> #DIV/0!
A67: 1140.1 | B67: =B66+50 -> 898 | C67: =IF(C$23=0,0,C$23*C$6/C481) -> #DIV/0! | D67: =IF(D$23=0,0,D$23*D$6/D481) -> 0 | E67: =IF(E$23=0,0,E$23*E$6/E481) -> #DIV/0! | F67: =IF(F$23=0,0,F$23*F$6/F481) -> #DIV/0! | G67: =IF(G$23=0,0,G$23*G$6/G481) -> #DIV/0! | H67: =IF(H$23=0,0,H$23*H$6/H481) -> 0 | I67: =IF(I$23=0,0,I$23*I$6/I481) -> #DIV/0! | J67: =IF(J$23=0,0,J$23*J$6/J481) -> 0 | ... T67: =IF(T$23=0,0,T$23*T$6/T481) -> 0 | U67: =SUM(C67:T67) -> #DIV/0!
A68: 1140.1 | B68: =B67+50 -> 948 | C68: =IF(C$23=0,0,C$23*C$6/C482) -> #DIV/0! | D68: =IF(D$23=0,0,D$23*D$6/D482) -> 0 | E68: =IF(E$23=0,0,E$23*E$6/E482) -> #DIV/0! | F68: =IF(F$23=0,0,F$23*F$6/F482) -> #DIV/0! | G68: =IF(G$23=0,0,G$23*G$6/G482) -> #DIV/0! | H68: =IF(H$23=0,0,H$23*H$6/H482) -> 0 | I68: =IF(I$23=0,0,I$23*I$6/I482) -> #DIV/0! | J68: =IF(J$23=0,0,J$23*J$6/J482) -> 0 | ... T68: =IF(T$23=0,0,T$23*T$6/T482) -> 0 | U68: =SUM(C68:T68) -> #DIV/0!
A69: 1711.1 | B69: 298 | C69: =IF(C$23=0,0,C$23*C$6/C483) -> #DIV/0! | D69: =IF(D$23=0,0,D$23*D$6/D483) -> 0 | E69: =IF(E$23=0,0,E$23*E$6/E483) -> #DIV/0! | F69: =IF(F$23=0,0,F$23*F$6/F483) -> #DIV/0! | G69: =IF(G$23=0,0,G$23*G$6/G483) -> #DIV/0! | H69: =IF(H$23=0,0,H$23*H$6/H483) -> 0 | I69: =IF(I$23=0,0,I$23*I$6/I483) -> #DIV/0! | J69: =IF(J$23=0,0,J$23*J$6/J483) -> 0 | ... T69: =IF(T$23=0,0,T$23*T$6/T483) -> 0 | U69: =SUM(C69:T69) -> #DIV/0!
A70: 1711.1 | B70: =B69+50 -> 348 | C70: =IF(C$23=0,0,C$23*C$6/C484) -> #DIV/0! | D70: =IF(D$23=0,0,D$23*D$6/D484) -> 0 | E70: =IF(E$23=0,0,E$23*E$6/E484) -> #DIV/0! | F70: =IF(F$23=0,0,F$23*F$6/F484) -> #DIV/0! | G70: =IF(G$23=0,0,G$23*G$6/G484) -> #DIV/0! | H70: =IF(H$23=0,0,H$23*H$6/H484) -> 0 | I70: =IF(I$23=0,0,I$23*I$6/I484) -> #DIV/0! | J70: =IF(J$23=0,0,J$23*J$6/J484) -> 0 | ... T70: =IF(T$23=0,0,T$23*T$6/T484) -> 0 | U70: =SUM(C70:T70) -> #DIV/0!
A71: 1711.1 | B71: =B70+50 -> 398 | C71: =IF(C$23=0,0,C$23*C$6/C485) -> #DIV/0! | D71: =IF(D$23=0,0,D$23*D$6/D485) -> 0 | E71: =IF(E$23=0,0,E$23*E$6/E485) -> #DIV/0! | F71: =IF(F$23=0,0,F$23*F$6/F485) -> #DIV/0! | G71: =IF(G$23=0,0,G$23*G$6/G485) -> #DIV/0! | H71: =IF(H$23=0,0,H$23*H$6/H485) -> 0 | I71: =IF(I$23=0,0,I$23*I$6/I485) -> #DIV/0! | J71: =IF(J$23=0,0,J$23*J$6/J485) -> 0 | ... T71: =IF(T$23=0,0,T$23*T$6/T485) -> 0 | U71: =SUM(C71:T71) -> #DIV/0!
A72: 1711.1 | B72: =B71+50 -> 448 | C72: =IF(C$23=0,0,C$23*C$6/C486) -> #DIV/0! | D72: =IF(D$23=0,0,D$23*D$6/D486) -> 0 | E72: =IF(E$23=0,0,E$23*E$6/E486) -> #DIV/0! | F72: =IF(F$23=0,0,F$23*F$6/F486) -> #DIV/0! | G72: =IF(G$23=0,0,G$23*G$6/G486) -> #DIV/0! | H72: =IF(H$23=0,0,H$23*H$6/H486) -> 0 | I72: =IF(I$23=0,0,I$23*I$6/I486) -> #DIV/0! | J72: =IF(J$23=0,0,J$23*J$6/J486) -> 0 | ... T72: =IF(T$23=0,0,T$23*T$6/T486) -> 0 | U72: =SUM(C72:T72) -> #DIV/0!
A73: 1711.1 | B73: =B72+50 -> 498 | C73: =IF(C$23=0,0,C$23*C$6/C487) -> #DIV/0! | D73: =IF(D$23=0,0,D$23*D$6/D487) -> 0 | E73: =IF(E$23=0,0,E$23*E$6/E487) -> #DIV/0! | F73: =IF(F$23=0,0,F$23*F$6/F487) -> #DIV/0! | G73: =IF(G$23=0,0,G$23*G$6/G487) -> #DIV/0! | H73: =IF(H$23=0,0,H$23*H$6/H487) -> 0 | I73: =IF(I$23=0,0,I$23*I$6/I487) -> #DIV/0! | J73: =IF(J$23=0,0,J$23*J$6/J487) -> 0 | ... T73: =IF(T$23=0,0,T$23*T$6/T487) -> 0 | U73: =SUM(C73:T73) -> #DIV/0!
A74: 1711.1 | B74: =B73+50 -> 548 | C74: =IF(C$23=0,0,C$23*C$6/C488) -> #DIV/0! | D74: =IF(D$23=0,0,D$23*D$6/D488) -> 0 | E74: =IF(E$23=0,0,E$23*E$6/E488) -> #DIV/0! | F74: =IF(F$23=0,0,F$23*F$6/F488) -> #DIV/0! | G74: =IF(G$23=0,0,G$23*G$6/G488) -> #DIV/0! | H74: =IF(H$23=0,0,H$23*H$6/H488) -> 0 | I74: =IF(I$23=0,0,I$23*I$6/I488) -> #DIV/0! | J74: =IF(J$23=0,0,J$23*J$6/J488) -> 0 | ... T74: =IF(T$23=0,0,T$23*T$6/T488) -> 0 | U74: =SUM(C74:T74) -> #DIV/0!
A75: 1711.1 | B75: =B74+50 -> 598 | C75: =IF(C$23=0,0,C$23*C$6/C489) -> #DIV/0! | D75: =IF(D$23=0,0,D$23*D$6/D489) -> 0 | E75: =IF(E$23=0,0,E$23*E$6/E489) -> #DIV/0! | F75: =IF(F$23=0,0,F$23*F$6/F489) -> #DIV/0! | G75: =IF(G$23=0,0,G$23*G$6/G489) -> #DIV/0! | H75: =IF(H$23=0,0,H$23*H$6/H489) -> 0 | I75: =IF(I$23=0,0,I$23*I$6/I489) -> #DIV/0! | J75: =IF(J$23=0,0,J$23*J$6/J489) -> 0 | ... T75: =IF(T$23=0,0,T$23*T$6/T489) -> 0 | U75: =SUM(C75:T75) -> #DIV/0!
A76: 1711.1 | B76: =B75+50 -> 648 | C76: =IF(C$23=0,0,C$23*C$6/C490) -> #DIV/0! | D76: =IF(D$23=0,0,D$23*D$6/D490) -> 0 | E76: =IF(E$23=0,0,E$23*E$6/E490) -> #DIV/0! | F76: =IF(F$23=0,0,F$23*F$6/F490) -> #DIV/0! | G76: =IF(G$23=0,0,G$23*G$6/G490) -> #DIV/0! | H76: =IF(H$23=0,0,H$23*H$6/H490) -> 0 | I76: =IF(I$23=0,0,I$23*I$6/I490) -> #DIV/0! | J76: =IF(J$23=0,0,J$23*J$6/J490) -> 0 | ... T76: =IF(T$23=0,0,T$23*T$6/T490) -> 0 | U76: =SUM(C76:T76) -> #DIV/0!
A77: 1711.1 | B77: =B76+50 -> 698 | C77: =IF(C$23=0,0,C$23*C$6/C491) -> #DIV/0! | D77: =IF(D$23=0,0,D$23*D$6/D491) -> 0 | E77: =IF(E$23=0,0,E$23*E$6/E491) -> #DIV/0! | F77: =IF(F$23=0,0,F$23*F$6/F491) -> #DIV/0! | G77: =IF(G$23=0,0,G$23*G$6/G491) -> #DIV/0! | H77: =IF(H$23=0,0,H$23*H$6/H491) -> 0 | I77: =IF(I$23=0,0,I$23*I$6/I491) -> #DIV/0! | J77: =IF(J$23=0,0,J$23*J$6/J491) -> 0 | ... T77: =IF(T$23=0,0,T$23*T$6/T491) -> 0 | U77: =SUM(C77:T77) -> #DIV/0!
A78: 1711.1 | B78: =B77+50 -> 748 | C78: =IF(C$23=0,0,C$23*C$6/C492) -> #DIV/0! | D78: =IF(D$23=0,0,D$23*D$6/D492) -> 0 | E78: =IF(E$23=0,0,E$23*E$6/E492) -> #DIV/0! | F78: =IF(F$23=0,0,F$23*F$6/F492) -> #DIV/0! | G78: =IF(G$23=0,0,G$23*G$6/G492) -> #DIV/0! | H78: =IF(H$23=0,0,H$23*H$6/H492) -> 0 | I78: =IF(I$23=0,0,I$23*I$6/I492) -> #DIV/0! | J78: =IF(J$23=0,0,J$23*J$6/J492) -> 0 | ... T78: =IF(T$23=0,0,T$23*T$6/T492) -> 0 | U78: =SUM(C78:T78) -> #DIV/0!
A79: 1711.1 | B79: =B78+50 -> 798 | C79: =IF(C$23=0,0,C$23*C$6/C493) -> #DIV/0! | D79: =IF(D$23=0,0,D$23*D$6/D493) -> 0 | E79: =IF(E$23=0,0,E$23*E$6/E493) -> #DIV/0! | F79: =IF(F$23=0,0,F$23*F$6/F493) -> #DIV/0! | G79: =IF(G$23=0,0,G$23*G$6/G493) -> #DIV/0! | H79: =IF(H$23=0,0,H$23*H$6/H493) -> 0 | I79: =IF(I$23=0,0,I$23*I$6/I493) -> #DIV/0! | J79: =IF(J$23=0,0,J$23*J$6/J493) -> 0 | ... T79: =IF(T$23=0,0,T$23*T$6/T493) -> 0 | U79: =SUM(C79:T79) -> #DIV/0!
A80: 1711.1 | B80: =B79+50 -> 848 | C80: =IF(C$23=0,0,C$23*C$6/C494) -> #DIV/0! | D80: =IF(D$23=0,0,D$23*D$6/D494) -> 0 | E80: =IF(E$23=0,0,E$23*E$6/E494) -> #DIV/0! | F80: =IF(F$23=0,0,F$23*F$6/F494) -> #DIV/0! | G80: =IF(G$23=0,0,G$23*G$6/G494) -> #DIV/0! | H80: =IF(H$23=0,0,H$23*H$6/H494) -> 0 | I80: =IF(I$23=0,0,I$23*I$6/I494) -> #DIV/0! | J80: =IF(J$23=0,0,J$23*J$6/J494) -> 0 | ... T80: =IF(T$23=0,0,T$23*T$6/T494) -> 0 | U80: =SUM(C80:T80) -> #DIV/0!
A81: 1711.1 | B81: =B80+50 -> 898 | C81: =IF(C$23=0,0,C$23*C$6/C495) -> #DIV/0! | D81: =IF(D$23=0,0,D$23*D$6/D495) -> 0 | E81: =IF(E$23=0,0,E$23*E$6/E495) -> #DIV/0! | F81: =IF(F$23=0,0,F$23*F$6/F495) -> #DIV/0! | G81: =IF(G$23=0,0,G$23*G$6/G495) -> #DIV/0! | H81: =IF(H$23=0,0,H$23*H$6/H495) -> 0 | I81: =IF(I$23=0,0,I$23*I$6/I495) -> #DIV/0! | J81: =IF(J$23=0,0,J$23*J$6/J495) -> 0 | ... T81: =IF(T$23=0,0,T$23*T$6/T495) -> 0 | U81: =SUM(C81:T81) -> #DIV/0!
A82: 1711.1 | B82: =B81+50 -> 948 | C82: =IF(C$23=0,0,C$23*C$6/C496) -> #DIV/0! | D82: =IF(D$23=0,0,D$23*D$6/D496) -> 0 | E82: =IF(E$23=0,0,E$23*E$6/E496) -> #DIV/0! | F82: =IF(F$23=0,0,F$23*F$6/F496) -> #DIV/0! | G82: =IF(G$23=0,0,G$23*G$6/G496) -> #DIV/0! | H82: =IF(H$23=0,0,H$23*H$6/H496) -> 0 | I82: =IF(I$23=0,0,I$23*I$6/I496) -> #DIV/0! | J82: =IF(J$23=0,0,J$23*J$6/J496) -> 0 | ... T82: =IF(T$23=0,0,T$23*T$6/T496) -> 0 | U82: =SUM(C82:T82) -> #DIV/0!
A85: aV(T), units K-1 | B85: Expansivity (temperature-dependence)
A86: Pressure (MPa) | B86: Temperature (K) | C86: a-quartz | D86: b-quartz | E86: orthoclase | F86: albite | G86: anorthite | H86: muscovite | I86: phlogopite | J86: annite | K86: hornblende | L86: diopside | M86: hedenbergite | N86: enstatite | O86: ferrosilite | P86: forsterite | Q86: fayalite | R86: spinel | S86: pyrope | T86: almandine
A87: 0.1 | B87: 298 | C87: =C$8*10^-5+C$9*10^-8*$B87+C$10*$B87^-2 -> 2.383826e-05 | D87: =D$8*10^-5+D$9*10^-8*$B87+D$10*$B87^-2 -> -4.4e-06 | E87: =E$8*10^-5+E$9*10^-8*$B87+E$10*$B87^-2 -> 3.4e-05 | F87: =F$8*10^-5+F$9*10^-8*$B87+F$10*$B87^-2 -> 1.1809874e-05 | G87: =G$8*10^-5+G$9*10^-8*$B87+G$10*$B87^-2 -> 1.2624022e-05 | H87: =H$8*10^-5+H$9*10^-8*$B87+H$10*$B87^-2 -> 3.537e-05 | I87: =I$8*10^-5+I$9*10^-8*$B87+I$10*$B87^-2 -> 5.8e-05 | J87: =J$8*10^-5+J$9*10^-8*$B87+J$10*$B87^-2 -> 3.7e-05 | ... T87: =T$8*10^-5+T$9*10^-8*$B87+T$10*$B87^-2 -> 1.5667392e-05
A88: 0.1 | B88: =B87+50 -> 348 | C88: =C$8*10^-5+C$9*10^-8*$B88+C$10*$B88^-2 -> 3.3764961e-05 | D88: =D$8*10^-5+D$9*10^-8*$B88+D$10*$B88^-2 -> -4.4e-06 | E88: =E$8*10^-5+E$9*10^-8*$B88+E$10*$B88^-2 -> 3.4e-05 | F88: =F$8*10^-5+F$9*10^-8*$B88+F$10*$B88^-2 -> 1.5244431e-05 | G88: =G$8*10^-5+G$9*10^-8*$B88+G$10*$B88^-2 -> 1.2567568e-05 | H88: =H$8*10^-5+H$9*10^-8*$B88+H$10*$B88^-2 -> 3.537e-05 | I88: =I$8*10^-5+I$9*10^-8*$B88+I$10*$B88^-2 -> 5.8e-05 | J88: =J$8*10^-5+J$9*10^-8*$B88+J$10*$B88^-2 -> 3.7e-05 | ... T88: =T$8*10^-5+T$9*10^-8*$B88+T$10*$B88^-2 -> 1.779741e-05
A89: 0.1 | B89: =B88+50 -> 398 | C89: =C$8*10^-5+C$9*10^-8*$B89+C$10*$B89^-2 -> 4.1894231e-05 | D89: =D$8*10^-5+D$9*10^-8*$B89+D$10*$B89^-2 -> -4.4e-06 | E89: =E$8*10^-5+E$9*10^-8*$B89+E$10*$B89^-2 -> 3.4e-05 | F89: =F$8*10^-5+F$9*10^-8*$B89+F$10*$B89^-2 -> 1.7645409e-05 | G89: =G$8*10^-5+G$9*10^-8*$B89+G$10*$B89^-2 -> 1.2528163e-05 | H89: =H$8*10^-5+H$9*10^-8*$B89+H$10*$B89^-2 -> 3.537e-05 | I89: =I$8*10^-5+I$9*10^-8*$B89+I$10*$B89^-2 -> 5.8e-05 | J89: =J$8*10^-5+J$9*10^-8*$B89+J$10*$B89^-2 -> 3.7e-05 | ... T89: =T$8*10^-5+T$9*10^-8*$B89+T$10*$B89^-2 -> 1.9390412e-05
A90: 0.1 | B90: =B89+50 -> 448 | C90: =C$8*10^-5+C$9*10^-8*$B90+C$10*$B90^-2 -> 4.8981556e-05 | D90: =D$8*10^-5+D$9*10^-8*$B90+D$10*$B90^-2 -> -4.4e-06 | E90: =E$8*10^-5+E$9*10^-8*$B90+E$10*$B90^-2 -> 3.4e-05 | F90: =F$8*10^-5+F$9*10^-8*$B90+F$10*$B90^-2 -> 1.9447237e-05 | G90: =G$8*10^-5+G$9*10^-8*$B90+G$10*$B90^-2 -> 1.2498642e-05 | H90: =H$8*10^-5+H$9*10^-8*$B90+H$10*$B90^-2 -> 3.537e-05 | I90: =I$8*10^-5+I$9*10^-8*$B90+I$10*$B90^-2 -> 5.8e-05 | J90: =J$8*10^-5+J$9*10^-8*$B90+J$10*$B90^-2 -> 3.7e-05 | ... T90: =T$8*10^-5+T$9*10^-8*$B90+T$10*$B90^-2 -> 2.0672114e-05
A91: 0.1 | B91: =B90+50 -> 498 | C91: =C$8*10^-5+C$9*10^-8*$B91+C$10*$B91^-2 -> 5.5423497e-05 | D91: =D$8*10^-5+D$9*10^-8*$B91+D$10*$B91^-2 -> -4.4e-06 | E91: =E$8*10^-5+E$9*10^-8*$B91+E$10*$B91^-2 -> 3.4e-05 | F91: =F$8*10^-5+F$9*10^-8*$B91+F$10*$B91^-2 -> 2.087795e-05 | G91: =G$8*10^-5+G$9*10^-8*$B91+G$10*$B91^-2 -> 1.2475242e-05 | H91: =H$8*10^-5+H$9*10^-8*$B91+H$10*$B91^-2 -> 3.537e-05 | I91: =I$8*10^-5+I$9*10^-8*$B91+I$10*$B91^-2 -> 5.8e-05 | J91: =J$8*10^-5+J$9*10^-8*$B91+J$10*$B91^-2 -> 3.7e-05 | ... T91: =T$8*10^-5+T$9*10^-8*$B91+T$10*$B91^-2 -> 2.1760995e-05
A92: 0.1 | B92: =B91+50 -> 548 | C92: =C$8*10^-5+C$9*10^-8*$B92+C$10*$B92^-2 -> 6.1444449e-05 | D92: =D$8*10^-5+D$9*10^-8*$B92+D$10*$B92^-2 -> -4.4e-06 | E92: =E$8*10^-5+E$9*10^-8*$B92+E$10*$B92^-2 -> 3.4e-05 | F92: =F$8*10^-5+F$9*10^-8*$B92+F$10*$B92^-2 -> 2.206658e-05 | G92: =G$8*10^-5+G$9*10^-8*$B92+G$10*$B92^-2 -> 1.2455836e-05 | H92: =H$8*10^-5+H$9*10^-8*$B92+H$10*$B92^-2 -> 3.537e-05 | I92: =I$8*10^-5+I$9*10^-8*$B92+I$10*$B92^-2 -> 5.8e-05 | J92: =J$8*10^-5+J$9*10^-8*$B92+J$10*$B92^-2 -> 3.7e-05 | ... T92: =T$8*10^-5+T$9*10^-8*$B92+T$10*$B92^-2 -> 2.2724098e-05
A93: 0.1 | B93: =B92+50 -> 598 | C93: =C$8*10^-5+C$9*10^-8*$B93+C$10*$B93^-2 -> 6.7179126e-05 | D93: =D$8*10^-5+D$9*10^-8*$B93+D$10*$B93^-2 -> -4.4e-06 | E93: =E$8*10^-5+E$9*10^-8*$B93+E$10*$B93^-2 -> 3.4e-05 | F93: =F$8*10^-5+F$9*10^-8*$B93+F$10*$B93^-2 -> 2.3090594e-05 | G93: =G$8*10^-5+G$9*10^-8*$B93+G$10*$B93^-2 -> 1.2439146e-05 | H93: =H$8*10^-5+H$9*10^-8*$B93+H$10*$B93^-2 -> 3.537e-05 | I93: =I$8*10^-5+I$9*10^-8*$B93+I$10*$B93^-2 -> 5.8e-05 | J93: =J$8*10^-5+J$9*10^-8*$B93+J$10*$B93^-2 -> 3.7e-05 | ... T93: =T$8*10^-5+T$9*10^-8*$B93+T$10*$B93^-2 -> 2.3601671e-05
A94: 0.1 | B94: =B93+50 -> 648 | C94: =C$8*10^-5+C$9*10^-8*$B94+C$10*$B94^-2 -> 7.2712374e-05 | D94: =D$8*10^-5+D$9*10^-8*$B94+D$10*$B94^-2 -> -4.4e-06 | E94: =E$8*10^-5+E$9*10^-8*$B94+E$10*$B94^-2 -> 3.4e-05 | F94: =F$8*10^-5+F$9*10^-8*$B94+F$10*$B94^-2 -> 2.3998779e-05 | G94: =G$8*10^-5+G$9*10^-8*$B94+G$10*$B94^-2 -> 1.2424366e-05 | H94: =H$8*10^-5+H$9*10^-8*$B94+H$10*$B94^-2 -> 3.537e-05 | I94: =I$8*10^-5+I$9*10^-8*$B94+I$10*$B94^-2 -> 5.8e-05 | J94: =J$8*10^-5+J$9*10^-8*$B94+J$10*$B94^-2 -> 3.7e-05 | ... T94: =T$8*10^-5+T$9*10^-8*$B94+T$10*$B94^-2 -> 2.4419063e-05
A95: 0.1 | B95: =B94+50 -> 698 | C95: =C$8*10^-5+C$9*10^-8*$B95+C$10*$B95^-2 -> 7.8099782e-05 | D95: =D$8*10^-5+D$9*10^-8*$B95+D$10*$B95^-2 -> -4.4e-06 | E95: =E$8*10^-5+E$9*10^-8*$B95+E$10*$B95^-2 -> 3.4e-05 | F95: =F$8*10^-5+F$9*10^-8*$B95+F$10*$B95^-2 -> 2.4823102e-05 | G95: =G$8*10^-5+G$9*10^-8*$B95+G$10*$B95^-2 -> 1.241097e-05 | H95: =H$8*10^-5+H$9*10^-8*$B95+H$10*$B95^-2 -> 3.537e-05 | I95: =I$8*10^-5+I$9*10^-8*$B95+I$10*$B95^-2 -> 5.8e-05 | J95: =J$8*10^-5+J$9*10^-8*$B95+J$10*$B95^-2 -> 3.7e-05 | ... T95: =T$8*10^-5+T$9*10^-8*$B95+T$10*$B95^-2 -> 2.5192883e-05
A96: 0.1 | B96: =B95+50 -> 748 | C96: =C$8*10^-5+C$9*10^-8*$B96+C$10*$B96^-2 -> 8.3379008e-05 | D96: =D$8*10^-5+D$9*10^-8*$B96+D$10*$B96^-2 -> -4.4e-06 | E96: =E$8*10^-5+E$9*10^-8*$B96+E$10*$B96^-2 -> 3.4e-05 | F96: =F$8*10^-5+F$9*10^-8*$B96+F$10*$B96^-2 -> 2.5585218e-05 | G96: =G$8*10^-5+G$9*10^-8*$B96+G$10*$B96^-2 -> 1.2398599e-05 | H96: =H$8*10^-5+H$9*10^-8*$B96+H$10*$B96^-2 -> 3.537e-05 | I96: =I$8*10^-5+I$9*10^-8*$B96+I$10*$B96^-2 -> 5.8e-05 | J96: =J$8*10^-5+J$9*10^-8*$B96+J$10*$B96^-2 -> 3.7e-05 | ... T96: =T$8*10^-5+T$9*10^-8*$B96+T$10*$B96^-2 -> 2.5934382e-05
A97: 0.1 | B97: =B96+50 -> 798 | C97: =C$8*10^-5+C$9*10^-8*$B97+C$10*$B97^-2 -> 8.8576297e-05 | D97: =D$8*10^-5+D$9*10^-8*$B97+D$10*$B97^-2 -> -4.4e-06 | E97: =E$8*10^-5+E$9*10^-8*$B97+E$10*$B97^-2 -> 3.4e-05 | F97: =F$8*10^-5+F$9*10^-8*$B97+F$10*$B97^-2 -> 2.6300216e-05 | G97: =G$8*10^-5+G$9*10^-8*$B97+G$10*$B97^-2 -> 1.2387007e-05 | H97: =H$8*10^-5+H$9*10^-8*$B97+H$10*$B97^-2 -> 3.537e-05 | I97: =I$8*10^-5+I$9*10^-8*$B97+I$10*$B97^-2 -> 5.8e-05 | J97: =J$8*10^-5+J$9*10^-8*$B97+J$10*$B97^-2 -> 3.7e-05 | ... T97: =T$8*10^-5+T$9*10^-8*$B97+T$10*$B97^-2 -> 2.66514e-05
A98: 0.1 | B98: =B97+50 -> 848 | C98: =C$8*10^-5+C$9*10^-8*$B98+C$10*$B98^-2 -> 9.371039e-05 | D98: =D$8*10^-5+D$9*10^-8*$B98+D$10*$B98^-2 -> -4.4e-06 | E98: =E$8*10^-5+E$9*10^-8*$B98+E$10*$B98^-2 -> 3.4e-05 | F98: =F$8*10^-5+F$9*10^-8*$B98+F$10*$B98^-2 -> 2.6978875e-05 | G98: =G$8*10^-5+G$9*10^-8*$B98+G$10*$B98^-2 -> 1.2376013e-05 | H98: =H$8*10^-5+H$9*10^-8*$B98+H$10*$B98^-2 -> 3.537e-05 | I98: =I$8*10^-5+I$9*10^-8*$B98+I$10*$B98^-2 -> 5.8e-05 | J98: =J$8*10^-5+J$9*10^-8*$B98+J$10*$B98^-2 -> 3.7e-05 | ... T98: =T$8*10^-5+T$9*10^-8*$B98+T$10*$B98^-2 -> 2.7349537e-05
A99: 0.1 | B99: =B98+50 -> 898 | C99: =C$8*10^-5+C$9*10^-8*$B99+C$10*$B99^-2 -> 9.8794962e-05 | D99: =D$8*10^-5+D$9*10^-8*$B99+D$10*$B99^-2 -> -4.4e-06 | E99: =E$8*10^-5+E$9*10^-8*$B99+E$10*$B99^-2 -> 3.4e-05 | F99: =F$8*10^-5+F$9*10^-8*$B99+F$10*$B99^-2 -> 2.7629059e-05 | G99: =G$8*10^-5+G$9*10^-8*$B99+G$10*$B99^-2 -> 1.2365489e-05 | H99: =H$8*10^-5+H$9*10^-8*$B99+H$10*$B99^-2 -> 3.537e-05 | I99: =I$8*10^-5+I$9*10^-8*$B99+I$10*$B99^-2 -> 5.8e-05 | J99: =J$8*10^-5+J$9*10^-8*$B99+J$10*$B99^-2 -> 3.7e-05 | ... T99: =T$8*10^-5+T$9*10^-8*$B99+T$10*$B99^-2 -> 2.8032879e-05
A100: 0.1 | B100: =B99+50 -> 948 | C100: =C$8*10^-5+C$9*10^-8*$B100+C$10*$B100^-2 -> 0.00010384018 | D100: =D$8*10^-5+D$9*10^-8*$B100+D$10*$B100^-2 -> -4.4e-06 | E100: =E$8*10^-5+E$9*10^-8*$B100+E$10*$B100^-2 -> 3.4e-05 | F100: =F$8*10^-5+F$9*10^-8*$B100+F$10*$B100^-2 -> 2.8256612e-05 | G100: =G$8*10^-5+G$9*10^-8*$B100+G$10*$B100^-2 -> 1.2355339e-05 | H100: =H$8*10^-5+H$9*10^-8*$B100+H$10*$B100^-2 -> 3.537e-05 | I100: =I$8*10^-5+I$9*10^-8*$B100+I$10*$B100^-2 -> 5.8e-05 | J100: =J$8*10^-5+J$9*10^-8*$B100+J$10*$B100^-2 -> 3.7e-05 | ... T100: =T$8*10^-5+T$9*10^-8*$B100+T$10*$B100^-2 -> 2.8704463e-05
A101: 570.1 | B101: 298 | C101: =C$8*10^-5+C$9*10^-8*$B101+C$10*$B101^-2 -> 2.383826e-05 | D101: =D$8*10^-5+D$9*10^-8*$B101+D$10*$B101^-2 -> -4.4e-06 | E101: =E$8*10^-5+E$9*10^-8*$B101+E$10*$B101^-2 -> 3.4e-05 | F101: =F$8*10^-5+F$9*10^-8*$B101+F$10*$B101^-2 -> 1.1809874e-05 | G101: =G$8*10^-5+G$9*10^-8*$B101+G$10*$B101^-2 -> 1.2624022e-05 | H101: =H$8*10^-5+H$9*10^-8*$B101+H$10*$B101^-2 -> 3.537e-05 | I101: =I$8*10^-5+I$9*10^-8*$B101+I$10*$B101^-2 -> 5.8e-05 | J101: =J$8*10^-5+J$9*10^-8*$B101+J$10*$B101^-2 -> 3.7e-05 | ... T101: =T$8*10^-5+T$9*10^-8*$B101+T$10*$B101^-2 -> 1.5667392e-05
A102: 570.1 | B102: =B101+50 -> 348 | C102: =C$8*10^-5+C$9*10^-8*$B102+C$10*$B102^-2 -> 3.3764961e-05 | D102: =D$8*10^-5+D$9*10^-8*$B102+D$10*$B102^-2 -> -4.4e-06 | E102: =E$8*10^-5+E$9*10^-8*$B102+E$10*$B102^-2 -> 3.4e-05 | F102: =F$8*10^-5+F$9*10^-8*$B102+F$10*$B102^-2 -> 1.5244431e-05 | G102: =G$8*10^-5+G$9*10^-8*$B102+G$10*$B102^-2 -> 1.2567568e-05 | H102: =H$8*10^-5+H$9*10^-8*$B102+H$10*$B102^-2 -> 3.537e-05 | I102: =I$8*10^-5+I$9*10^-8*$B102+I$10*$B102^-2 -> 5.8e-05 | J102: =J$8*10^-5+J$9*10^-8*$B102+J$10*$B102^-2 -> 3.7e-05 | ... T102: =T$8*10^-5+T$9*10^-8*$B102+T$10*$B102^-2 -> 1.779741e-05
...

Sheet Figures
A1: These cells are automatically filled in from the computations worksheet so long as you do not alter the default locations of computed values. Scroll down to see plots.
A2: Pressure | B2: Temperature | C2: Expansivity | D2: Density | E2: Bulk Modulus (isothermal) | F2: Bulk Modulus (adiabatic) | G2: Shear Modulus | H2: Specific Heat Capacity | I2: P-wave Velocity | J2: S-wave Velocity | K2: Vp/Vs Ratio | L2: Poisson Ratio
A3: Mpa | B3: K | C3: K-1 | D3: kg m-3 | E3: GPa | F3: GPa | G3: GPa | H3: J kg-1 K-1 | I3: km s-1 | J3: km s-1 | K3: - | L3: -
A4: 0.1 | B4: 298 | C4: =Computations!AQ500 -> 0 | D4: =Computations!AQ441 -> #DIV/0! | E4: =Computations!BJ382+Figures!BJ386 -> 0 | F4: =Computations!BJ559 -> 0 | G4: =Computations!BJ677 -> 0 | H4: =Computations!AQ736 -> 0 | I4: =Computations!BJ795 -> 0 | J4: =Computations!BJ854 -> 0 | K4: =I4/J4 -> #DIV/0! | L4: =0.5*(K4^2-2)/(K4^2-1) -> #DIV/0!
A5: 0.1 | B5: =B4+50 -> 348 | C5: =Computations!AQ501 -> 0 | D5: =Computations!AQ442 -> #DIV/0! | E5: =Computations!BJ383+Figures!BJ387 -> 0 | F5: =Computations!BJ560 -> 0 | G5: =Computations!BJ678 -> 0 | H5: =Computations!AQ737 -> 0 | I5: =Computations!BJ796 -> 0 | J5: =Computations!BJ855 -> 0 | K5: =I5/J5 -> #DIV/0! | L5: =0.5*(K5^2-2)/(K5^2-1) -> #DIV/0!
A6: 0.1 | B6: =B5+50 -> 398 | C6: =Computations!AQ502 -> 0 | D6: =Computations!AQ443 -> #DIV/0! | E6: =Computations!BJ384+Figures!BJ388 -> 0 | F6: =Computations!BJ561 -> 0 | G6: =Computations!BJ679 -> 0 | H6: =Computations!AQ738 -> 0 | I6: =Computations!BJ797 -> 0 | J6: =Computations!BJ856 -> 0 | K6: =I6/J6 -> #DIV/0! | L6: =0.5*(K6^2-2)/(K6^2-1) -> #DIV/0!
A7: 0.1 | B7: =B6+50 -> 448 | C7: =Computations!AQ503 -> 0 | D7: =Computations!AQ444 -> #DIV/0! | E7: =Computations!BJ385+Figures!BJ389 -> 0 | F7: =Computations!BJ562 -> 0 | G7: =Computations!BJ680 -> 0 | H7: =Computations!AQ739 -> 0 | I7: =Computations!BJ798 -> 0 | J7: =Computations!BJ857 -> 0 | K7: =I7/J7 -> #DIV/0! | L7: =0.5*(K7^2-2)/(K7^2-1) -> #DIV/0!
A8: 0.1 | B8: =B7+50 -> 498 | C8: =Computations!AQ504 -> 0 | D8: =Computations!AQ445 -> #DIV/0! | E8: =Computations!BJ386+Figures!BJ390 -> 0 | F8: =Computations!BJ563 -> 0 | G8: =Computations!BJ681 -> 0 | H8: =Computations!AQ740 -> 0 | I8: =Computations!BJ799 -> 0 | J8: =Computations!BJ858 -> 0 | K8: =I8/J8 -> #DIV/0! | L8: =0.5*(K8^2-2)/(K8^2-1) -> #DIV/0!
A9: 0.1 | B9: =B8+50 -> 548 | C9: =Computations!AQ505 -> 0 | D9: =Computations!AQ446 -> #DIV/0! | E9: =Computations!BJ387+Figures!BJ391 -> 0 | F9: =Computations!BJ564 -> 0 | G9: =Computations!BJ682 -> 0 | H9: =Computations!AQ741 -> 0 | I9: =Computations!BJ800 -> 0 | J9: =Computations!BJ859 -> 0 | K9: =I9/J9 -> #DIV/0! | L9: =0.5*(K9^2-2)/(K9^2-1) -> #DIV/0!
A10: 0.1 | B10: =B9+50 -> 598 | C10: =Computations!AQ506 -> 0 | D10: =Computations!AQ447 -> #DIV/0! | E10: =Computations!BJ388+Figures!BJ392 -> 0 | F10: =Computations!BJ565 -> 0 | G10: =Computations!BJ683 -> 0 | H10: =Computations!AQ742 -> 0 | I10: =Computations!BJ801 -> 0 | J10: =Computations!BJ860 -> 0 | K10: =I10/J10 -> #DIV/0! | L10: =0.5*(K10^2-2)/(K10^2-1) -> #DIV/0!
A11: 0.1 | B11: =B10+50 -> 648 | C11: =Computations!AQ507 -> 0 | D11: =Computations!AQ448 -> #DIV/0! | E11: =Computations!BJ389+Figures!BJ393 -> 0 | F11: =Computations!BJ566 -> 0 | G11: =Computations!BJ684 -> 0 | H11: =Computations!AQ743 -> 0 | I11: =Computations!BJ802 -> 0 | J11: =Computations!BJ861 -> 0 | K11: =I11/J11 -> #DIV/0! | L11: =0.5*(K11^2-2)/(K11^2-1) -> #DIV/0!
A12: 0.1 | B12: =B11+50 -> 698 | C12: =Computations!AQ508 -> 0 | D12: =Computations!AQ449 -> #DIV/0! | E12: =Computations!BJ390+Figures!BJ394 -> 0 | F12: =Computations!BJ567 -> 0 | G12: =Computations!BJ685 -> 0 | H12: =Computations!AQ744 -> 0 | I12: =Computations!BJ803 -> 0 | J12: =Computations!BJ862 -> 0 | K12: =I12/J12 -> #DIV/0! | L12: =0.5*(K12^2-2)/(K12^2-1) -> #DIV/0!
A13: 0.1 | B13: =B12+50 -> 748 | C13: =Computations!AQ509 -> 0 | D13: =Computations!AQ450 -> #DIV/0! | E13: =Computations!BJ391+Figures!BJ395 -> 0 | F13: =Computations!BJ568 -> 0 | G13: =Computations!BJ686 -> 0 | H13: =Computations!AQ745 -> 0 | I13: =Computations!BJ804 -> 0 | J13: =Computations!BJ863 -> 0 | K13: =I13/J13 -> #DIV/0! | L13: =0.5*(K13^2-2)/(K13^2-1) -> #DIV/0!
A14: 0.1 | B14: =B13+50 -> 798 | C14: =Computations!AQ510 -> 0 | D14: =Computations!AQ451 -> #DIV/0! | E14: =Computations!BJ392+Figures!BJ396 -> 0 | F14: =Computations!BJ569 -> 0 | G14: =Computations!BJ687 -> 0 | H14: =Computations!AQ746 -> 0 | I14: =Computations!BJ805 -> 0 | J14: =Computations!BJ864 -> 0 | K14: =I14/J14 -> #DIV/0! | L14: =0.5*(K14^2-2)/(K14^2-1) -> #DIV/0!
A15: 0.1 | B15: =B14+50 -> 848 | C15: =Computations!AQ511 -> 0 | D15: =Computations!AQ452 -> #DIV/0! | E15: =Computations!BJ393+Figures!BJ397 -> 0 | F15: =Computations!BJ570 -> 0 | G15: =Computations!BJ688 -> 0 | H15: =Computations!AQ747 -> 0 | I15: =Computations!BJ806 -> 0 | J15: =Computations!BJ865 -> 0 | K15: =I15/J15 -> #DIV/0! | L15: =0.5*(K15^2-2)/(K15^2-1) -> #DIV/0!
A16: 0.1 | B16: =B15+50 -> 898 | C16: =Computations!AQ512 -> 0 | D16: =Computations!AQ453 -> #DIV/0! | E16: =Computations!BJ394+Figures!BJ398 -> 0 | F16: =Computations!BJ571 -> 0 | G16: =Computations!BJ689 -> 0 | H16: =Computations!AQ748 -> 0 | I16: =Computations!BJ807 -> 0 | J16: =Computations!BJ866 -> 0 | K16: =I16/J16 -> #DIV/0! | L16: =0.5*(K16^2-2)/(K16^2-1) -> #DIV/0!
A17: 0.1 | B17: =B16+50 -> 948 | C17: =Computations!AQ513 -> 0 | D17: =Computations!AQ454 -> #DIV/0! | E17: =Computations!BJ395+Figures!BJ399 -> 0 | F17: =Computations!BJ572 -> 0 | G17: =Computations!BJ690 -> 0 | H17: =Computations!AQ749 -> 0 | I17: =Computations!BJ808 -> 0 | J17: =Computations!BJ867 -> 0 | K17: =I17/J17 -> #DIV/0! | L17: =0.5*(K17^2-2)/(K17^2-1) -> #DIV/0!
A18: 570.1 | B18: 298 | C18: =Computations!AQ514 -> 0 | D18: =Computations!AQ455 -> #DIV/0! | E18: =Computations!BJ396+Figures!BJ400 -> 0 | F18: =Computations!BJ573 -> 0 | G18: =Computations!BJ691 -> 0 | H18: =Computations!AQ750 -> 0 | I18: =Computations!BJ809 -> 0 | J18: =Computations!BJ868 -> 0 | K18: =I18/J18 -> #DIV/0! | L18: =0.5*(K18^2-2)/(K18^2-1) -> #DIV/0!
A19: 570.1 | B19: =B18+50 -> 348 | C19: =Computations!AQ515 -> 0 | D19: =Computations!AQ456 -> #DIV/0! | E19: =Computations!BJ397+Figures!BJ401 -> 0 | F19: =Computations!BJ574 -> 0 | G19: =Computations!BJ692 -> 0 | H19: =Computations!AQ751 -> 0 | I19: =Computations!BJ810 -> 0 | J19: =Computations!BJ869 -> 0 | K19: =I19/J19 -> #DIV/0! | L19: =0.5*(K19^2-2)/(K19^2-1) -> #DIV/0!
A20: 570.1 | B20: =B19+50 -> 398 | C20: =Computations!AQ516 -> 0 | D20: =Computations!AQ457 -> #DIV/0! | E20: =Computations!BJ398+Figures!BJ402 -> 0 | F20: =Computations!BJ575 -> 0 | G20: =Computations!BJ693 -> 0 | H20: =Computations!AQ752 -> 0 | I20: =Computations!BJ811 -> 0 | J20: =Computations!BJ870 -> 0 | K20: =I20/J20 -> #DIV/0! | L20: =0.5*(K20^2-2)/(K20^2-1) -> #DIV/0!
A21: 570.1 | B21: =B20+50 -> 448 | C21: =Computations!AQ517 -> 0 | D21: =Computations!AQ458 -> #DIV/0! | E21: =Computations!BJ399+Figures!BJ403 -> 0 | F21: =Computations!BJ576 -> 0 | G21: =Computations!BJ694 -> 0 | H21: =Computations!AQ753 -> 0 | I21: =Computations!BJ812 -> 0 | J21: =Computations!BJ871 -> 0 | K21: =I21/J21 -> #DIV/0! | L21: =0.5*(K21^2-2)/(K21^2-1) -> #DIV/0!
A22: 570.1 | B22: =B21+50 -> 498 | C22: =Computations!AQ518 -> 0 | D22: =Computations!AQ459 -> #DIV/0! | E22: =Computations!BJ400+Figures!BJ404 -> 0 | F22: =Computations!BJ577 -> 0 | G22: =Computations!BJ695 -> 0 | H22: =Computations!AQ754 -> 0 | I22: =Computations!BJ813 -> 0 | J22: =Computations!BJ872 -> 0 | K22: =I22/J22 -> #DIV/0! | L22: =0.5*(K22^2-2)/(K22^2-1) -> #DIV/0!
A23: 570.1 | B23: =B22+50 -> 548 | C23: =Computations!AQ519 -> 0 | D23: =Computations!AQ460 -> #DIV/0! | E23: =Computations!BJ401+Figures!BJ405 -> 0 | F23: =Computations!BJ578 -> 0 | G23: =Computations!BJ696 -> 0 | H23: =Computations!AQ755 -> 0 | I23: =Computations!BJ814 -> 0 | J23: =Computations!BJ873 -> 0 | K23: =I23/J23 -> #DIV/0! | L23: =0.5*(K23^2-2)/(K23^2-1) -> #DIV/0!
A24: 570.1 | B24: =B23+50 -> 598 | C24: =Computations!AQ520 -> 0 | D24: =Computations!AQ461 -> #DIV/0! | E24: =Computations!BJ402+Figures!BJ406 -> 0 | F24: =Computations!BJ579 -> 0 | G24: =Computations!BJ697 -> 0 | H24: =Computations!AQ756 -> 0 | I24: =Computations!BJ815 -> 0 | J24: =Computations!BJ874 -> 0 | K24: =I24/J24 -> #DIV/0! | L24: =0.5*(K24^2-2)/(K24^2-1) -> #DIV/0!
A25: 570.1 | B25: =B24+50 -> 648 | C25: =Computations!AQ521 -> 0 | D25: =Computations!AQ462 -> #DIV/0! | E25: =Computations!BJ403+Figures!BJ407 -> 0 | F25: =Computations!BJ580 -> 0 | G25: =Computations!BJ698 -> 0 | H25: =Computations!AQ757 -> 0 | I25: =Computations!BJ816 -> 0 | J25: =Computations!BJ875 -> 0 | K25: =I25/J25 -> #DIV/0! | L25: =0.5*(K25^2-2)/(K25^2-1) -> #DIV/0!
A26: 570.1 | B26: =B25+50 -> 698 | C26: =Computations!AQ522 -> 0 | D26: =Computations!AQ463 -> #DIV/0! | E26: =Computations!BJ404+Figures!BJ408 -> 0 | F26: =Computations!BJ581 -> 0 | G26: =Computations!BJ699 -> 0 | H26: =Computations!AQ758 -> 0 | I26: =Computations!BJ817 -> 0 | J26: =Computations!BJ876 -> 0 | K26: =I26/J26 -> #DIV/0! | L26: =0.5*(K26^2-2)/(K26^2-1) -> #DIV/0!
A27: 570.1 | B27: =B26+50 -> 748 | C27: =Computations!AQ523 -> 0 | D27: =Computations!AQ464 -> #DIV/0! | E27: =Computations!BJ405+Figures!BJ409 -> 0 | F27: =Computations!BJ582 -> 0 | G27: =Computations!BJ700 -> 0 | H27: =Computations!AQ759 -> 0 | I27: =Computations!BJ818 -> 0 | J27: =Computations!BJ877 -> 0 | K27: =I27/J27 -> #DIV/0! | L27: =0.5*(K27^2-2)/(K27^2-1) -> #DIV/0!
A28: 570.1 | B28: =B27+50 -> 798 | C28: =Computations!AQ524 -> 0 | D28: =Computations!AQ465 -> #DIV/0! | E28: =Computations!BJ406+Figures!BJ410 -> 0 | F28: =Computations!BJ583 -> 0 | G28: =Computations!BJ701 -> 0 | H28: =Computations!AQ760 -> 0 | I28: =Computations!BJ819 -> 0 | J28: =Computations!BJ878 -> 0 | K28: =I28/J28 -> #DIV/0! | L28: =0.5*(K28^2-2)/(K28^2-1) -> #DIV/0!
A29: 570.1 | B29: =B28+50 -> 848 | C29: =Computations!AQ525 -> 0 | D29: =Computations!AQ466 -> #DIV/0! | E29: =Computations!BJ407+Figures!BJ411 -> 0 | F29: =Computations!BJ584 -> 0 | G29: =Computations!BJ702 -> 0 | H29: =Computations!AQ761 -> 0 | I29: =Computations!BJ820 -> 0 | J29: =Computations!BJ879 -> 0 | K29: =I29/J29 -> #DIV/0! | L29: =0.5*(K29^2-2)/(K29^2-1) -> #DIV/0!
A30: 570.1 | B30: =B29+50 -> 898 | C30: =Computations!AQ526 -> 0 | D30: =Computations!AQ467 -> #DIV/0! | E30: =Computations!BJ408+Figures!BJ412 -> 0 | F30: =Computations!BJ585 -> 0 | G30: =Computations!BJ703 -> 0 | H30: =Computations!AQ762 -> 0 | I30: =Computations!BJ821 -> 0 | J30: =Computations!BJ880 -> 0 | K30: =I30/J30 -> #DIV/0! | L30: =0.5*(K30^2-2)/(K30^2-1) -> #DIV/0!
A31: 570.1 | B31: =B30+50 -> 948 | C31: =Computations!AQ527 -> 0 | D31: =Computations!AQ468 -> #DIV/0! | E31: =Computations!BJ409+Figures!BJ413 -> 0 | F31: =Computations!BJ586 -> 0 | G31: =Computations!BJ704 -> 0 | H31: =Computations!AQ763 -> 0 | I31: =Computations!BJ822 -> 0 | J31: =Computations!BJ881 -> 0 | K31: =I31/J31 -> #DIV/0! | L31: =0.5*(K31^2-2)/(K31^2-1) -> #DIV/0!
A32: 1140.1 | B32: 298 | C32: =Computations!AQ528 -> 0 | D32: =Computations!AQ469 -> #DIV/0! | E32: =Computations!BJ410+Figures!BJ414 -> 0 | F32: =Computations!BJ587 -> 0 | G32: =Computations!BJ705 -> 0 | H32: =Computations!AQ764 -> 0 | I32: =Computations!BJ823 -> 0 | J32: =Computations!BJ882 -> 0 | K32: =I32/J32 -> #DIV/0! | L32: =0.5*(K32^2-2)/(K32^2-1) -> #DIV/0!
A33: 1140.1 | B33: =B32+50 -> 348 | C33: =Computations!AQ529 -> 0 | D33: =Computations!AQ470 -> #DIV/0! | E33: =Computations!BJ411+Figures!BJ415 -> 0 | F33: =Computations!BJ588 -> 0 | G33: =Computations!BJ706 -> 0 | H33: =Computations!AQ765 -> 0 | I33: =Computations!BJ824 -> 0 | J33: =Computations!BJ883 -> 0 | K33: =I33/J33 -> #DIV/0! | L33: =0.5*(K33^2-2)/(K33^2-1) -> #DIV/0!
A34: 1140.1 | B34: =B33+50 -> 398 | C34: =Computations!AQ530 -> 0 | D34: =Computations!AQ471 -> #DIV/0! | E34: =Computations!BJ412+Figures!BJ416 -> 0 | F34: =Computations!BJ589 -> 0 | G34: =Computations!BJ707 -> 0 | H34: =Computations!AQ766 -> 0 | I34: =Computations!BJ825 -> 0 | J34: =Computations!BJ884 -> 0 | K34: =I34/J34 -> #DIV/0! | L34: =0.5*(K34^2-2)/(K34^2-1) -> #DIV/0!
A35: 1140.1 | B35: =B34+50 -> 448 | C35: =Computations!AQ531 -> 0 | D35: =Computations!AQ472 -> #DIV/0! | E35: =Computations!BJ413+Figures!BJ417 -> 0 | F35: =Computations!BJ590 -> 0 | G35: =Computations!BJ708 -> 0 | H35: =Computations!AQ767 -> 0 | I35: =Computations!BJ826 -> 0 | J35: =Computations!BJ885 -> 0 | K35: =I35/J35 -> #DIV/0! | L35: =0.5*(K35^2-2)/(K35^2-1) -> #DIV/0!
A36: 1140.1 | B36: =B35+50 -> 498 | C36: =Computations!AQ532 -> 0 | D36: =Computations!AQ473 -> #DIV/0! | E36: =Computations!BJ414+Figures!BJ418 -> 0 | F36: =Computations!BJ591 -> 0 | G36: =Computations!BJ709 -> 0 | H36: =Computations!AQ768 -> 0 | I36: =Computations!BJ827 -> 0 | J36: =Computations!BJ886 -> 0 | K36: =I36/J36 -> #DIV/0! | L36: =0.5*(K36^2-2)/(K36^2-1) -> #DIV/0!
A37: 1140.1 | B37: =B36+50 -> 548 | C37: =Computations!AQ533 -> 0 | D37: =Computations!AQ474 -> #DIV/0! | E37: =Computations!BJ415+Figures!BJ419 -> 0 | F37: =Computations!BJ592 -> 0 | G37: =Computations!BJ710 -> 0 | H37: =Computations!AQ769 -> 0 | I37: =Computations!BJ828 -> 0 | J37: =Computations!BJ887 -> 0 | K37: =I37/J37 -> #DIV/0! | L37: =0.5*(K37^2-2)/(K37^2-1) -> #DIV/0!
A38: 1140.1 | B38: =B37+50 -> 598 | C38: =Computations!AQ534 -> 0 | D38: =Computations!AQ475 -> #DIV/0! | E38: =Computations!BJ416+Figures!BJ420 -> 0 | F38: =Computations!BJ593 -> 0 | G38: =Computations!BJ711 -> 0 | H38: =Computations!AQ770 -> 0 | I38: =Computations!BJ829 -> 0 | J38: =Computations!BJ888 -> 0 | K38: =I38/J38 -> #DIV/0! | L38: =0.5*(K38^2-2)/(K38^2-1) -> #DIV/0!
A39: 1140.1 | B39: =B38+50 -> 648 | C39: =Computations!AQ535 -> 0 | D39: =Computations!AQ476 -> #DIV/0! | E39: =Computations!BJ417+Figures!BJ421 -> 0 | F39: =Computations!BJ594 -> 0 | G39: =Computations!BJ712 -> 0 | H39: =Computations!AQ771 -> 0 | I39: =Computations!BJ830 -> 0 | J39: =Computations!BJ889 -> 0 | K39: =I39/J39 -> #DIV/0! | L39: =0.5*(K39^2-2)/(K39^2-1) -> #DIV/0!
A40: 1140.1 | B40: =B39+50 -> 698 | C40: =Computations!AQ536 -> 0 | D40: =Computations!AQ477 -> #DIV/0! | E40: =Computations!BJ418+Figures!BJ422 -> 0 | F40: =Computations!BJ595 -> 0 | G40: =Computations!BJ713 -> 0 | H40: =Computations!AQ772 -> 0 | I40: =Computations!BJ831 -> 0 | J40: =Computations!BJ890 -> 0 | K40: =I40/J40 -> #DIV/0! | L40: =0.5*(K40^2-2)/(K40^2-1) -> #DIV/0!
A41: 1140.1 | B41: =B40+50 -> 748 | C41: =Computations!AQ537 -> 0 | D41: =Computations!AQ478 -> #DIV/0! | E41: =Computations!BJ419+Figures!BJ423 -> 0 | F41: =Computations!BJ596 -> 0 | G41: =Computations!BJ714 -> 0 | H41: =Computations!AQ773 -> 0 | I41: =Computations!BJ832 -> 0 | J41: =Computations!BJ891 -> 0 | K41: =I41/J41 -> #DIV/0! | L41: =0.5*(K41^2-2)/(K41^2-1) -> #DIV/0!
A42: 1140.1 | B42: =B41+50 -> 798 | C42: =Computations!AQ538 -> 0 | D42: =Computations!AQ479 -> #DIV/0! | E42: =Computations!BJ420+Figures!BJ424 -> 0 | F42: =Computations!BJ597 -> 0 | G42: =Computations!BJ715 -> 0 | H42: =Computations!AQ774 -> 0 | I42: =Computations!BJ833 -> 0 | J42: =Computations!BJ892 -> 0 | K42: =I42/J42 -> #DIV/0! | L42: =0.5*(K42^2-2)/(K42^2-1) -> #DIV/0!
A43: 1140.1 | B43: =B42+50 -> 848 | C43: =Computations!AQ539 -> 0 | D43: =Computations!AQ480 -> #DIV/0! | E43: =Computations!BJ421+Figures!BJ425 -> 0 | F43: =Computations!BJ598 -> 0 | G43: =Computations!BJ716 -> 0 | H43: =Computations!AQ775 -> 0 | I43: =Computations!BJ834 -> 0 | J43: =Computations!BJ893 -> 0 | K43: =I43/J43 -> #DIV/0! | L43: =0.5*(K43^2-2)/(K43^2-1) -> #DIV/0!
A44: 1140.1 | B44: =B43+50 -> 898 | C44: =Computations!AQ540 -> 0 | D44: =Computations!AQ481 -> #DIV/0! | E44: =Computations!BJ422+Figures!BJ426 -> 0 | F44: =Computations!BJ599 -> 0 | G44: =Computations!BJ717 -> 0 | H44: =Computations!AQ776 -> 0 | I44: =Computations!BJ835 -> 0 | J44: =Computations!BJ894 -> 0 | K44: =I44/J44 -> #DIV/0! | L44: =0.5*(K44^2-2)/(K44^2-1) -> #DIV/0!
A45: 1140.1 | B45: =B44+50 -> 948 | C45: =Computations!AQ541 -> 0 | D45: =Computations!AQ482 -> #DIV/0! | E45: =Computations!BJ423+Figures!BJ427 -> 0 | F45: =Computations!BJ600 -> 0 | G45: =Computations!BJ718 -> 0 | H45: =Computations!AQ777 -> 0 | I45: =Computations!BJ836 -> 0 | J45: =Computations!BJ895 -> 0 | K45: =I45/J45 -> #DIV/0! | L45: =0.5*(K45^2-2)/(K45^2-1) -> #DIV/0!
A46: 1711.1 | B46: 298 | C46: =Computations!AQ542 -> 0 | D46: =Computations!AQ483 -> #DIV/0! | E46: =Computations!BJ424+Figures!BJ428 -> 0 | F46: =Computations!BJ601 -> 0 | G46: =Computations!BJ719 -> 0 | H46: =Computations!AQ778 -> 0 | I46: =Computations!BJ837 -> 0 | J46: =Computations!BJ896 -> 0 | K46: =I46/J46 -> #DIV/0! | L46: =0.5*(K46^2-2)/(K46^2-1) -> #DIV/0!
A47: 1711.1 | B47: =B46+50 -> 348 | C47: =Computations!AQ543 -> 0 | D47: =Computations!AQ484 -> #DIV/0! | E47: =Computations!BJ425+Figures!BJ429 -> 0 | F47: =Computations!BJ602 -> 0 | G47: =Computations!BJ720 -> 0 | H47: =Computations!AQ779 -> 0 | I47: =Computations!BJ838 -> 0 | J47: =Computations!BJ897 -> 0 | K47: =I47/J47 -> #DIV/0! | L47: =0.5*(K47^2-2)/(K47^2-1) -> #DIV/0!
A48: 1711.1 | B48: =B47+50 -> 398 | C48: =Computations!AQ544 -> 0 | D48: =Computations!AQ485 -> #DIV/0! | E48: =Computations!BJ426+Figures!BJ430 -> 0 | F48: =Computations!BJ603 -> 0 | G48: =Computations!BJ721 -> 0 | H48: =Computations!AQ780 -> 0 | I48: =Computations!BJ839 -> 0 | J48: =Computations!BJ898 -> 0 | K48: =I48/J48 -> #DIV/0! | L48: =0.5*(K48^2-2)/(K48^2-1) -> #DIV/0!
A49: 1711.1 | B49: =B48+50 -> 448 | C49: =Computations!AQ545 -> 0 | D49: =Computations!AQ486 -> #DIV/0! | E49: =Computations!BJ427+Figures!BJ431 -> 0 | F49: =Computations!BJ604 -> 0 | G49: =Computations!BJ722 -> 0 | H49: =Computations!AQ781 -> 0 | I49: =Computations!BJ840 -> 0 | J49: =Computations!BJ899 -> 0 | K49: =I49/J49 -> #DIV/0! | L49: =0.5*(K49^2-2)/(K49^2-1) -> #DIV/0!
A50: 1711.1 | B50: =B49+50 -> 498 | C50: =Computations!AQ546 -> 0 | D50: =Computations!AQ487 -> #DIV/0! | E50: =Computations!BJ428+Figures!BJ432 -> 0 | F50: =Computations!BJ605 -> 0 | G50: =Computations!BJ723 -> 0 | H50: =Computations!AQ782 -> 0 | I50: =Computations!BJ841 -> 0 | J50: =Computations!BJ900 -> 0 | K50: =I50/J50 -> #DIV/0! | L50: =0.5*(K50^2-2)/(K50^2-1) -> #DIV/0!
A51: 1711.1 | B51: =B50+50 -> 548 | C51: =Computations!AQ547 -> 0 | D51: =Computations!AQ488 -> #DIV/0! | E51: =Computations!BJ429+Figures!BJ433 -> 0 | F51: =Computations!BJ606 -> 0 | G51: =Computations!BJ724 -> 0 | H51: =Computations!AQ783 -> 0 | I51: =Computations!BJ842 -> 0 | J51: =Computations!BJ901 -> 0 | K51: =I51/J51 -> #DIV/0! | L51: =0.5*(K51^2-2)/(K51^2-1) -> #DIV/0!
A52: 1711.1 | B52: =B51+50 -> 598 | C52: =Computations!AQ548 -> 0 | D52: =Computations!AQ489 -> #DIV/0! | E52: =Computations!BJ430+Figures!BJ434 -> 0 | F52: =Computations!BJ607 -> 0 | G52: =Computations!BJ725 -> 0 | H52: =Computations!AQ784 -> 0 | I52: =Computations!BJ843 -> 0 | J52: =Computations!BJ902 -> 0 | K52: =I52/J52 -> #DIV/0! | L52: =0.5*(K52^2-2)/(K52^2-1) -> #DIV/0!
A53: 1711.1 | B53: =B52+50 -> 648 | C53: =Computations!AQ549 -> 0 | D53: =Computations!AQ490 -> #DIV/0! | E53: =Computations!BJ431+Figures!BJ435 -> 0 | F53: =Computations!BJ608 -> 0 | G53: =Computations!BJ726 -> 0 | H53: =Computations!AQ785 -> 0 | I53: =Computations!BJ844 -> 0 | J53: =Computations!BJ903 -> 0 | K53: =I53/J53 -> #DIV/0! | L53: =0.5*(K53^2-2)/(K53^2-1) -> #DIV/0!
A54: 1711.1 | B54: =B53+50 -> 698 | C54: =Computations!AQ550 -> 0 | D54: =Computations!AQ491 -> #DIV/0! | E54: =Computations!BJ432+Figures!BJ436 -> 0 | F54: =Computations!BJ609 -> 0 | G54: =Computations!BJ727 -> 0 | H54: =Computations!AQ786 -> 0 | I54: =Computations!BJ845 -> 0 | J54: =Computations!BJ904 -> 0 | K54: =I54/J54 -> #DIV/0! | L54: =0.5*(K54^2-2)/(K54^2-1) -> #DIV/0!
A55: 1711.1 | B55: =B54+50 -> 748 | C55: =Computations!AQ551 -> 0 | D55: =Computations!AQ492 -> #DIV/0! | E55: =Computations!BJ433+Figures!BJ437 -> 0 | F55: =Computations!BJ610 -> 0 | G55: =Computations!BJ728 -> 0 | H55: =Computations!AQ787 -> 0 | I55: =Computations!BJ846 -> 0 | J55: =Computations!BJ905 -> 0 | K55: =I55/J55 -> #DIV/0! | L55: =0.5*(K55^2-2)/(K55^2-1) -> #DIV/0!
A56: 1711.1 | B56: =B55+50 -> 798 | C56: =Computations!AQ552 -> 0 | D56: =Computations!AQ493 -> #DIV/0! | E56: =Computations!BJ434+Figures!BJ438 -> 0 | F56: =Computations!BJ611 -> 0 | G56: =Computations!BJ729 -> 0 | H56: =Computations!AQ788 -> 0 | I56: =Computations!BJ847 -> 0 | J56: =Computations!BJ906 -> 0 | K56: =I56/J56 -> #DIV/0! | L56: =0.5*(K56^2-2)/(K56^2-1) -> #DIV/0!
A57: 1711.1 | B57: =B56+50 -> 848 | C57: =Computations!AQ553 -> 0 | D57: =Computations!AQ494 -> #DIV/0! | E57: =Computations!BJ435+Figures!BJ439 -> 0 | F57: =Computations!BJ612 -> 0 | G57: =Computations!BJ730 -> 0 | H57: =Computations!AQ789 -> 0 | I57: =Computations!BJ848 -> 0 | J57: =Computations!BJ907 -> 0 | K57: =I57/J57 -> #DIV/0! | L57: =0.5*(K57^2-2)/(K57^2-1) -> #DIV/0!
A58: 1711.1 | B58: =B57+50 -> 898 | C58: =Computations!AQ554 -> 0 | D58: =Computations!AQ495 -> #DIV/0! | E58: =Computations!BJ436+Figures!BJ440 -> 0 | F58: =Computations!BJ613 -> 0 | G58: =Computations!BJ731 -> 0 | H58: =Computations!AQ790 -> 0 | I58: =Computations!BJ849 -> 0 | J58: =Computations!BJ908 -> 0 | K58: =I58/J58 -> #DIV/0! | L58: =0.5*(K58^2-2)/(K58^2-1) -> #DIV/0!
A59: 1711.1 | B59: =B58+50 -> 948 | C59: =Computations!AQ555 -> 0 | D59: =Computations!AQ496 -> #DIV/0! | E59: =Computations!BJ437+Figures!BJ441 -> 0 | F59: =Computations!BJ614 -> 0 | G59: =Computations!BJ732 -> 0 | H59: =Computations!AQ791 -> 0 | I59: =Computations!BJ850 -> 0 | J59: =Computations!BJ909 -> 0 | K59: =I59/J59 -> #DIV/0! | L59: =0.5*(K59^2-2)/(K59^2-1) -> #DIV/0!
A61: Check your answers, they should not fall outside the range below… If they do you may have a mistake or have forgotten to convert to the appropriate units
A62: Min | C62: 1.5e-05 | D62: 2600 | E62: 40 | F62: 40 | G62: 20 | H62: 800 | I62: 5 | J62: 2.5 | K62: 1.65 | L62: 0.22
A63: Max | C63: 5e-05 | D63: 3600 | E63: 130 | F63: 130 | G63: 80 | H63: 1300 | I63: 8.7 | J63: 5 | K63: 2.1 | L63: 0.38

Sheet Significance
A1: Answer the following questions below with respect to the graphs that are produced for each rock type.
A2: Place an 'x' under the appropriate column based on whether the physical property increases or decreases with respect to the state variables listed below. Then add an 'x' to the significance column if the state variable creates a minimum of 10% change over the range of typical crustal temperatures and pressures. Some answers may be a little ambigous based on the results, if so, feel free to note these.
A3: 1. The effect of pressure on
C4: increase | D4: decrease | E4: significant (>10%)
A5: Expansivity
A6: Density
A7: Bulk Modulus
A8: Shear Modulus
A9: Specific Heat Capacity
A10: P-wave Velocity
A11: S-wave Velocity
A12: Vp/Vs Ratio
A13: Poisson Ratio
A15: 2. The effect of temperature on
C16: increase | D16: decrease | E16: significant (>10%)
A17: Expansivity
A18: Density
A19: Bulk Modulus
A20: Shear Modulus
A21: Specific Heat Capacity
A22: P-wave Velocity
A23: S-wave Velocity
A24: Vp/Vs Ratio
A25: Poisson Ratio
A27: 3. The effect of composition on (from felsic to mafic…decreasing SiO2)
C28: increase | D28: decrease | E28: significant (>10%)
A29: Expansivity
A30: Density
A31: Bulk Modulus
A32: Shear Modulus
A33: Specific Heat Capacity
A34: P-wave Velocity
A35: S-wave Velocity
A36: Vp/Vs Ratio
A37: Poisson Ratio
A39: 4. Rank the influence on the physical properties (1 to 3, most to least important)
C40: pressure | D40: temperature | E40: composition
A41: Expansivity
A42: Density
A43: Bulk Modulus
A44: Shear Modulus
A45: Specific Heat Capacity
A46: P-wave Velocity
A47: S-wave Velocity
A48: Vp/Vs Ratio
A49: Poisson Ratio
