Workbook

Sheet heat production
B1: radioelement concentrations | F1: present-day | G1: =CONCATENATE("at ",B22/1000," Ga") -> at 3 Ga
A2: age | B2: K2O | C2: K | D2: Th | E2: U | F2: heat production | G2: heat production | H2: density
A3: Ma | B3: wt. % | C3: ppm | D3: ppm | E3: ppm | F3: mW m-3 | G3: mW m-3 | H3: kg m-3
A4: granite and granodiorite | H4: 2675
A5: <200 | B5: 3.8517 | D5: 13.5 | E5: 3.36
A6: 2000 to 2800 | B6: 3.2895 | D6: 9.235 | E6: 1.5
A7: >2800 | B7: 2.1083 | D7: 6.2 | E7: 1.079
A8: gabbro/basalt | H8: 2963
A9: <200 | B9: 0.6863 | D9: 2 | E9: 0.589
A10: 2000 to 2800 | B10: 0.4795 | D10: 0.78 | E10: 0.24
A11: >2800 | B11: 0.236 | D11: 0.39 | E11: 0.13
A13: decay parameters
C14: decay | D14: heat produced | E14: present-day | F14: =CONCATENATE("at ",B22/1000," Ga") -> at 3 Ga
B15: half-life | C15: constant | D15: by decay | E15: abundance | F15: abundance
B16: Ma | C16: Ma-1 | D16: W kg-1 | E16: kg kg-1 | F16: kg kg-1
A17: K-40 | B17: 1248 | D17: 2.97e-05 | E17: 0.000117
A18: Th-232 | B18: 14000 | D18: 2.56e-05 | E18: 1
A19: U-235 | B19: 704 | D19: 0.000575 | E19: 0.007204
A20: U-238 | B20: 4468 | D20: 9.17e-05 | E20: 0.992742
A22: time in past | B22: 3000 | C22: Ma

Sheet temperature
A1: basal heat flow | B1: 36 | C1: mW m-2
E2: =CONCATENATE('heat production'!F1,", ",'heat production'!A5) -> present-day, <200 | H2: =CONCATENATE('heat production'!F1,", ",'heat production'!A6) -> present-day, 2000 to 2800 | K2: =CONCATENATE('heat production'!F1,", ",'heat production'!A7) -> present-day, >2800 | N2: =CONCATENATE('heat production'!G1,", ",'heat production'!A5) -> at 3 Ga, <200 | Q2: =CONCATENATE('heat production'!G1,", ",'heat production'!A6) -> at 3 Ga, 2000 to 2800 | T2: =CONCATENATE('heat production'!G1,", ",'heat production'!A7) -> at 3 Ga, >2800
D3: thermal | E3: heat | H3: heat | K3: heat | N3: heat | Q3: heat | T3: heat
A4: layer | B4: rock type | C4: depth | D4: conductivity | E4: production | F4: heat flow | G4: temperature | H4: production | I4: heat flow | J4: temperature | K4: production | L4: heat flow | M4: temperature | N4: production | O4: heat flow | P4: temperature | Q4: production | R4: heat flow | S4: temperature | T4: production | U4: heat flow | V4: temperature
C5: km | D5: W m-1 K-1 | E5: mW m-3 | F5: mW m-2 | G5: oC | H5: mW m-3 | I5: mW m-2 | J5: oC | K5: mW m-3 | L5: mW m-2 | M5: oC | N5: mW m-3 | O5: mW m-2 | P5: oC | Q5: mW m-3 | R5: mW m-2 | S5: oC | T5: mW m-3 | U5: mW m-2 | V5: oC
A6: upper crust | B6: granite/granodiorite | C6: 0 | D6: =3*(1 + 0.0000015*C6)/(1 + 0.0015*G6) -> 2.9339853 | E6: ='heat production'!$F$5 -> 0 | G6: 15 | H6: ='heat production'!$F$6 -> 0 | J6: 15 | K6: ='heat production'!$F$7 -> 0 | M6: 15 | N6: ='heat production'!$G$5 -> 0 | P6: 15 | Q6: ='heat production'!$G$6 -> 0 | S6: 15 | T6: ='heat production'!$G$7 -> 0 | V6: 15
A7: upper crust | B7: granite/granodiorite | C7: 1 | D7: =3*(1 + 0.0000015*C7)/(1 + 0.0015*G7) -> 3.0000045 | E7: ='heat production'!$F$5 -> 0 | H7: ='heat production'!$F$6 -> 0 | K7: ='heat production'!$F$7 -> 0 | N7: ='heat production'!$G$5 -> 0 | Q7: ='heat production'!$G$6 -> 0 | T7: ='heat production'!$G$7 -> 0
A8: upper crust | B8: granite/granodiorite | C8: 2 | D8: =3*(1 + 0.0000015*C8)/(1 + 0.0015*G8) -> 3.000009 | E8: ='heat production'!$F$5 -> 0 | H8: ='heat production'!$F$6 -> 0 | K8: ='heat production'!$F$7 -> 0 | N8: ='heat production'!$G$5 -> 0 | Q8: ='heat production'!$G$6 -> 0 | T8: ='heat production'!$G$7 -> 0
A9: upper crust | B9: granite/granodiorite | C9: 3 | D9: =3*(1 + 0.0000015*C9)/(1 + 0.0015*G9) -> 3.0000135 | E9: ='heat production'!$F$5 -> 0 | H9: ='heat production'!$F$6 -> 0 | K9: ='heat production'!$F$7 -> 0 | N9: ='heat production'!$G$5 -> 0 | Q9: ='heat production'!$G$6 -> 0 | T9: ='heat production'!$G$7 -> 0
A10: upper crust | B10: granite/granodiorite | C10: 4 | D10: =3*(1 + 0.0000015*C10)/(1 + 0.0015*G10) -> 3.000018 | E10: ='heat production'!$F$5 -> 0 | H10: ='heat production'!$F$6 -> 0 | K10: ='heat production'!$F$7 -> 0 | N10: ='heat production'!$G$5 -> 0 | Q10: ='heat production'!$G$6 -> 0 | T10: ='heat production'!$G$7 -> 0
A11: upper crust | B11: granite/granodiorite | C11: 5 | D11: =3*(1 + 0.0000015*C11)/(1 + 0.0015*G11) -> 3.0000225 | E11: ='heat production'!$F$5 -> 0 | H11: ='heat production'!$F$6 -> 0 | K11: ='heat production'!$F$7 -> 0 | N11: ='heat production'!$G$5 -> 0 | Q11: ='heat production'!$G$6 -> 0 | T11: ='heat production'!$G$7 -> 0
A12: upper crust | B12: granite/granodiorite | C12: 6 | D12: =3*(1 + 0.0000015*C12)/(1 + 0.0015*G12) -> 3.000027 | E12: ='heat production'!$F$5 -> 0 | H12: ='heat production'!$F$6 -> 0 | K12: ='heat production'!$F$7 -> 0 | N12: ='heat production'!$G$5 -> 0 | Q12: ='heat production'!$G$6 -> 0 | T12: ='heat production'!$G$7 -> 0
A13: upper crust | B13: granite/granodiorite | C13: 7 | D13: =3*(1 + 0.0000015*C13)/(1 + 0.0015*G13) -> 3.0000315 | E13: ='heat production'!$F$5 -> 0 | H13: ='heat production'!$F$6 -> 0 | K13: ='heat production'!$F$7 -> 0 | N13: ='heat production'!$G$5 -> 0 | Q13: ='heat production'!$G$6 -> 0 | T13: ='heat production'!$G$7 -> 0
A14: upper crust | B14: granite/granodiorite | C14: 8 | D14: =3*(1 + 0.0000015*C14)/(1 + 0.0015*G14) -> 3.000036 | E14: ='heat production'!$F$5 -> 0 | H14: ='heat production'!$F$6 -> 0 | K14: ='heat production'!$F$7 -> 0 | N14: ='heat production'!$G$5 -> 0 | Q14: ='heat production'!$G$6 -> 0 | T14: ='heat production'!$G$7 -> 0
A15: upper crust | B15: granite/granodiorite | C15: 9 | D15: =3*(1 + 0.0000015*C15)/(1 + 0.0015*G15) -> 3.0000405 | E15: ='heat production'!$F$5 -> 0 | H15: ='heat production'!$F$6 -> 0 | K15: ='heat production'!$F$7 -> 0 | N15: ='heat production'!$G$5 -> 0 | Q15: ='heat production'!$G$6 -> 0 | T15: ='heat production'!$G$7 -> 0
A16: upper crust | B16: granite/granodiorite | C16: 10 | D16: =3*(1 + 0.0000015*C16)/(1 + 0.0015*G16) -> 3.000045 | E16: ='heat production'!$F$5 -> 0 | H16: ='heat production'!$F$6 -> 0 | K16: ='heat production'!$F$7 -> 0 | N16: ='heat production'!$G$5 -> 0 | Q16: ='heat production'!$G$6 -> 0 | T16: ='heat production'!$G$7 -> 0
A17: upper crust | B17: granite/granodiorite | C17: 11 | D17: =3*(1 + 0.0000015*C17)/(1 + 0.0015*G17) -> 3.0000495 | E17: ='heat production'!$F$5 -> 0 | H17: ='heat production'!$F$6 -> 0 | K17: ='heat production'!$F$7 -> 0 | N17: ='heat production'!$G$5 -> 0 | Q17: ='heat production'!$G$6 -> 0 | T17: ='heat production'!$G$7 -> 0
A18: upper crust | B18: granite/granodiorite | C18: 12 | D18: =3*(1 + 0.0000015*C18)/(1 + 0.0015*G18) -> 3.000054 | E18: ='heat production'!$F$5 -> 0 | H18: ='heat production'!$F$6 -> 0 | K18: ='heat production'!$F$7 -> 0 | N18: ='heat production'!$G$5 -> 0 | Q18: ='heat production'!$G$6 -> 0 | T18: ='heat production'!$G$7 -> 0
... A21: upper crust | B21: granite/granodiorite | C21: 15 | D21: =3*(1 + 0.0000015*C21)/(1 + 0.0015*G21) -> 3.0000675 | E21: ='heat production'!$F$5 -> 0 | H21: ='heat production'!$F$6 -> 0 | K21: ='heat production'!$F$7 -> 0 | N21: ='heat production'!$G$5 -> 0 | Q21: ='heat production'!$G$6 -> 0 | T21: ='heat production'!$G$7 -> 0
A22: lower crust | B22: gabbro | C22: 16 | D22: =2.6*(1 + 0.0000015*C22)/(1 + 0.0001*G22) -> 2.6000624 | E22: ='heat production'!$F$9 -> 0 | H22: ='heat production'!$F$10 -> 0 | K22: ='heat production'!$F$11 -> 0 | N22: ='heat production'!$G$9 -> 0 | Q22: ='heat production'!$G$10 -> 0 | T22: ='heat production'!$G$11 -> 0
A23: lower crust | B23: gabbro | C23: 17 | D23: =2.6*(1 + 0.0000015*C23)/(1 + 0.0001*G23) -> 2.6000663 | E23: ='heat production'!$F$9 -> 0 | H23: ='heat production'!$F$10 -> 0 | K23: ='heat production'!$F$11 -> 0 | N23: ='heat production'!$G$9 -> 0 | Q23: ='heat production'!$G$10 -> 0 | T23: ='heat production'!$G$11 -> 0
A24: lower crust | B24: gabbro | C24: 18 | D24: =2.6*(1 + 0.0000015*C24)/(1 + 0.0001*G24) -> 2.6000702 | E24: ='heat production'!$F$9 -> 0 | H24: ='heat production'!$F$10 -> 0 | K24: ='heat production'!$F$11 -> 0 | N24: ='heat production'!$G$9 -> 0 | Q24: ='heat production'!$G$10 -> 0 | T24: ='heat production'!$G$11 -> 0
A25: lower crust | B25: gabbro | C25: 19 | D25: =2.6*(1 + 0.0000015*C25)/(1 + 0.0001*G25) -> 2.6000741 | E25: ='heat production'!$F$9 -> 0 | H25: ='heat production'!$F$10 -> 0 | K25: ='heat production'!$F$11 -> 0 | N25: ='heat production'!$G$9 -> 0 | Q25: ='heat production'!$G$10 -> 0 | T25: ='heat production'!$G$11 -> 0
A26: lower crust | B26: gabbro | C26: 20 | D26: =2.6*(1 + 0.0000015*C26)/(1 + 0.0001*G26) -> 2.600078 | E26: ='heat production'!$F$9 -> 0 | H26: ='heat production'!$F$10 -> 0 | K26: ='heat production'!$F$11 -> 0 | N26: ='heat production'!$G$9 -> 0 | Q26: ='heat production'!$G$10 -> 0 | T26: ='heat production'!$G$11 -> 0
A27: lower crust | B27: gabbro | C27: 21 | D27: =2.6*(1 + 0.0000015*C27)/(1 + 0.0001*G27) -> 2.6000819 | E27: ='heat production'!$F$9 -> 0 | H27: ='heat production'!$F$10 -> 0 | K27: ='heat production'!$F$11 -> 0 | N27: ='heat production'!$G$9 -> 0 | Q27: ='heat production'!$G$10 -> 0 | T27: ='heat production'!$G$11 -> 0
A28: lower crust | B28: gabbro | C28: 22 | D28: =2.6*(1 + 0.0000015*C28)/(1 + 0.0001*G28) -> 2.6000858 | E28: ='heat production'!$F$9 -> 0 | H28: ='heat production'!$F$10 -> 0 | K28: ='heat production'!$F$11 -> 0 | N28: ='heat production'!$G$9 -> 0 | Q28: ='heat production'!$G$10 -> 0 | T28: ='heat production'!$G$11 -> 0
A29: lower crust | B29: gabbro | C29: 23 | D29: =2.6*(1 + 0.0000015*C29)/(1 + 0.0001*G29) -> 2.6000897 | E29: ='heat production'!$F$9 -> 0 | H29: ='heat production'!$F$10 -> 0 | K29: ='heat production'!$F$11 -> 0 | N29: ='heat production'!$G$9 -> 0 | Q29: ='heat production'!$G$10 -> 0 | T29: ='heat production'!$G$11 -> 0
A30: lower crust | B30: gabbro | C30: 24 | D30: =2.6*(1 + 0.0000015*C30)/(1 + 0.0001*G30) -> 2.6000936 | E30: ='heat production'!$F$9 -> 0 | H30: ='heat production'!$F$10 -> 0 | K30: ='heat production'!$F$11 -> 0 | N30: ='heat production'!$G$9 -> 0 | Q30: ='heat production'!$G$10 -> 0 | T30: ='heat production'!$G$11 -> 0
A31: lower crust | B31: gabbro | C31: 25 | D31: =2.6*(1 + 0.0000015*C31)/(1 + 0.0001*G31) -> 2.6000975 | E31: ='heat production'!$F$9 -> 0 | H31: ='heat production'!$F$10 -> 0 | K31: ='heat production'!$F$11 -> 0 | N31: ='heat production'!$G$9 -> 0 | Q31: ='heat production'!$G$10 -> 0 | T31: ='heat production'!$G$11 -> 0
A32: lower crust | B32: gabbro | C32: 26 | D32: =2.6*(1 + 0.0000015*C32)/(1 + 0.0001*G32) -> 2.6001014 | E32: ='heat production'!$F$9 -> 0 | H32: ='heat production'!$F$10 -> 0 | K32: ='heat production'!$F$11 -> 0 | N32: ='heat production'!$G$9 -> 0 | Q32: ='heat production'!$G$10 -> 0 | T32: ='heat production'!$G$11 -> 0
A33: lower crust | B33: gabbro | C33: 27 | D33: =2.6*(1 + 0.0000015*C33)/(1 + 0.0001*G33) -> 2.6001053 | E33: ='heat production'!$F$9 -> 0 | H33: ='heat production'!$F$10 -> 0 | K33: ='heat production'!$F$11 -> 0 | N33: ='heat production'!$G$9 -> 0 | Q33: ='heat production'!$G$10 -> 0 | T33: ='heat production'!$G$11 -> 0
... A45: lower crust | B45: gabbro | C45: 39 | D45: =2.6*(1 + 0.0000015*C45)/(1 + 0.0001*G45) -> 2.6001521 | E45: ='heat production'!$F$9 -> 0 | H45: ='heat production'!$F$10 -> 0 | K45: ='heat production'!$F$11 -> 0 | N45: ='heat production'!$G$9 -> 0 | Q45: ='heat production'!$G$10 -> 0 | T45: ='heat production'!$G$11 -> 0
A46: Moho | C46: 40 | F46: =$B$1 -> 36 | I46: =$B$1 -> 36 | L46: =$B$1 -> 36 | O46: =$B$1 -> 36 | R46: =$B$1 -> 36 | U46: =$B$1 -> 36

Sheet geotherm plots
